increment,branch,stress_component,order,directions,direction_pattern,recovery_factor,oti_derivative,oti_normalized,reference_value,reference_normalized,reference_classification,plateau_points,plateau_step_low,plateau_step_high,plateau_absolute_uncertainty,plateau_relative_uncertainty,structurally_invariant,affine_in_directions,affine_residual_over_rounding_floor,high_precision_value,absolute_error,relative_error,agreement_tolerance,agrees_with_reference,supports_verification,reference_justification
1,elastic,1,2,1|1,repeated,2,0.0,0.0,0.0,0.0,expected_zero_independently_supported,3,2.5e-06,1e-05,3.814697265625e-06,4.0,False,True,0.0,,0.0,,,True,True,"Derivative is zero and independently supported without reference to the OTI result. exact local affineness: second and mixed differences of the independent reference stay at the arithmetic rounding floor (largest observed residual 0 of that floor) at amplitudes 1.600e-04, 8.000e-05, 4.000e-05 spanning the plateau stencil, so the response is affine in these directions and every derivative of order two or above vanishes"
1,elastic,2,2,1|1,repeated,2,0.0,0.0,0.0,0.0,expected_zero_independently_supported,3,1e-05,4e-05,1.079612411558628e-05,6.755390442890443,False,True,0.206344907496967,,0.0,,,True,True,"Derivative is zero and independently supported without reference to the OTI result. exact local affineness: second and mixed differences of the independent reference stay at the arithmetic rounding floor (largest observed residual 0.206 of that floor) at amplitudes 1.600e-04, 8.000e-05, 4.000e-05 spanning the plateau stencil, so the response is affine in these directions and every derivative of order two or above vanishes"
1,elastic,3,2,1|1,repeated,2,0.0,0.0,0.0,0.0,expected_zero_independently_supported,3,2e-05,8e-05,4.964647814631462e-06,0.8944211409395973,False,True,0.05609506603441055,,0.0,,,True,True,"Derivative is zero and independently supported without reference to the OTI result. exact local affineness: second and mixed differences of the independent reference stay at the arithmetic rounding floor (largest observed residual 0.0561 of that floor) at amplitudes 1.600e-04, 8.000e-05, 4.000e-05 spanning the plateau stencil, so the response is affine in these directions and every derivative of order two or above vanishes"
1,elastic,4,2,1|1,repeated,2,0.0,0.0,0.0,0.0,expected_zero_independently_supported,9,2.5e-06,0.00064,0.0,0.0,True,True,0.0,,0.0,,,True,True,"Derivative is zero and independently supported without reference to the OTI result. structural invariance: the response component is bit-identical at every stencil node and every step, so it does not depend on the perturbed strain components and all derivatives in these directions are exactly zero Also: exact local affineness: second and mixed differences of the independent reference stay at the arithmetic rounding floor (largest observed residual 0 of that floor) at amplitudes 1.600e-04, 8.000e-05, 4.000e-05 spanning the plateau stencil, so the response is affine in these directions and every derivative of order two or above vanishes"
1,elastic,1,3,1|1|1,repeated,6,0.0,0.0,0.0,0.0,expected_zero_independently_supported,3,8e-05,0.00032,39626326050.80516,1.2128448725551833,False,True,0.0,,0.0,,,True,True,"Derivative is zero and independently supported without reference to the OTI result. exact local affineness: second and mixed differences of the independent reference stay at the arithmetic rounding floor (largest observed residual 0 of that floor) at amplitudes 1.600e-04, 8.000e-05, 4.000e-05 spanning the plateau stencil, so the response is affine in these directions and every derivative of order two or above vanishes"
1,elastic,2,3,1|1|1,repeated,6,0.0,0.0,0.0,0.0,expected_zero_independently_supported,3,0.00016,0.00064,37151617660.0656,1.2576699910406672,False,True,0.206344907496967,,0.0,,,True,True,"Derivative is zero and independently supported without reference to the OTI result. exact local affineness: second and mixed differences of the independent reference stay at the arithmetic rounding floor (largest observed residual 0.206 of that floor) at amplitudes 1.600e-04, 8.000e-05, 4.000e-05 spanning the plateau stencil, so the response is affine in these directions and every derivative of order two or above vanishes"
1,elastic,3,3,1|1|1,repeated,6,0.0,0.0,0.0,0.0,expected_zero_independently_supported,3,8e-05,0.00032,11256919124.25354,1.1160614874917234,False,True,0.05609506603441055,,0.0,,,True,True,"Derivative is zero and independently supported without reference to the OTI result. exact local affineness: second and mixed differences of the independent reference stay at the arithmetic rounding floor (largest observed residual 0.0561 of that floor) at amplitudes 1.600e-04, 8.000e-05, 4.000e-05 spanning the plateau stencil, so the response is affine in these directions and every derivative of order two or above vanishes"
1,elastic,4,3,1|1|1,repeated,6,0.0,0.0,0.0,0.0,expected_zero_independently_supported,9,2.5e-06,0.00064,0.0,0.0,True,True,0.0,,0.0,,,True,True,"Derivative is zero and independently supported without reference to the OTI result. structural invariance: the response component is bit-identical at every stencil node and every step, so it does not depend on the perturbed strain components and all derivatives in these directions are exactly zero Also: exact local affineness: second and mixed differences of the independent reference stay at the arithmetic rounding floor (largest observed residual 0 of that floor) at amplitudes 1.600e-04, 8.000e-05, 4.000e-05 spanning the plateau stencil, so the response is affine in these directions and every derivative of order two or above vanishes"
1,elastic,1,4,1|1|1|1,repeated,24,0.0,0.0,0.0,0.0,expected_zero_independently_supported,3,0.00016,0.00064,337229607013735.0,1.3415426702973214,False,True,0.0,,0.0,,,True,True,"Derivative is zero and independently supported without reference to the OTI result. exact local affineness: second and mixed differences of the independent reference stay at the arithmetic rounding floor (largest observed residual 0 of that floor) at amplitudes 1.600e-04, 8.000e-05, 4.000e-05 spanning the plateau stencil, so the response is affine in these directions and every derivative of order two or above vanishes"
1,elastic,2,4,1|1|1|1,repeated,24,0.0,0.0,0.0,0.0,expected_zero_independently_supported,3,0.00016,0.00064,237468439832508.38,1.614229773267359,False,True,0.206344907496967,,0.0,,,True,True,"Derivative is zero and independently supported without reference to the OTI result. exact local affineness: second and mixed differences of the independent reference stay at the arithmetic rounding floor (largest observed residual 0.206 of that floor) at amplitudes 1.600e-04, 8.000e-05, 4.000e-05 spanning the plateau stencil, so the response is affine in these directions and every derivative of order two or above vanishes"
1,elastic,3,4,1|1|1|1,repeated,24,0.0,0.0,0.0,0.0,expected_zero_independently_supported,3,0.00016,0.00064,99761167181356.16,0.9568035169098046,False,True,0.05609506603441055,,0.0,,,True,True,"Derivative is zero and independently supported without reference to the OTI result. exact local affineness: second and mixed differences of the independent reference stay at the arithmetic rounding floor (largest observed residual 0.0561 of that floor) at amplitudes 1.600e-04, 8.000e-05, 4.000e-05 spanning the plateau stencil, so the response is affine in these directions and every derivative of order two or above vanishes"
1,elastic,4,4,1|1|1|1,repeated,24,0.0,0.0,0.0,0.0,expected_zero_independently_supported,9,2.5e-06,0.00064,0.0,0.0,True,True,0.0,,0.0,,,True,True,"Derivative is zero and independently supported without reference to the OTI result. structural invariance: the response component is bit-identical at every stencil node and every step, so it does not depend on the perturbed strain components and all derivatives in these directions are exactly zero Also: exact local affineness: second and mixed differences of the independent reference stay at the arithmetic rounding floor (largest observed residual 0 of that floor) at amplitudes 1.600e-04, 8.000e-05, 4.000e-05 spanning the plateau stencil, so the response is affine in these directions and every derivative of order two or above vanishes"
1,elastic,1,3,1|1|2,mixed,2,0.0,0.0,0.0,0.0,expected_zero_independently_supported,3,5e-06,2e-05,12.789512634277344,3.98348715852708,False,True,0.0,,0.0,,,True,True,"Derivative is zero and independently supported without reference to the OTI result. exact local affineness: second and mixed differences of the independent reference stay at the arithmetic rounding floor (largest observed residual 0 of that floor) at amplitudes 1.600e-04, 8.000e-05, 4.000e-05 spanning the plateau stencil, so the response is affine in these directions and every derivative of order two or above vanishes"
1,elastic,2,3,1|1|2,mixed,2,0.0,0.0,0.0,0.0,expected_zero_independently_supported,3,2.5e-06,1e-05,1.9072418212890625,1.4299295291264358,False,True,0.061905148811941965,,0.0,,,True,True,"Derivative is zero and independently supported without reference to the OTI result. exact local affineness: second and mixed differences of the independent reference stay at the arithmetic rounding floor (largest observed residual 0.0619 of that floor) at amplitudes 1.600e-04, 8.000e-05, 4.000e-05 spanning the plateau stencil, so the response is affine in these directions and every derivative of order two or above vanishes"
1,elastic,3,3,1|1|2,mixed,2,0.0,0.0,0.0,0.0,expected_zero_independently_supported,3,5e-06,2e-05,6.128236770629883,1.403481007128879,False,True,0.05609506603441055,,0.0,,,True,True,"Derivative is zero and independently supported without reference to the OTI result. exact local affineness: second and mixed differences of the independent reference stay at the arithmetic rounding floor (largest observed residual 0.0561 of that floor) at amplitudes 1.600e-04, 8.000e-05, 4.000e-05 spanning the plateau stencil, so the response is affine in these directions and every derivative of order two or above vanishes"
1,elastic,4,3,1|1|2,mixed,2,0.0,0.0,0.0,0.0,expected_zero_independently_supported,9,2.5e-06,0.00064,0.0,0.0,True,True,0.0,,0.0,,,True,True,"Derivative is zero and independently supported without reference to the OTI result. structural invariance: the response component is bit-identical at every stencil node and every step, so it does not depend on the perturbed strain components and all derivatives in these directions are exactly zero Also: exact local affineness: second and mixed differences of the independent reference stay at the arithmetic rounding floor (largest observed residual 0 of that floor) at amplitudes 1.600e-04, 8.000e-05, 4.000e-05 spanning the plateau stencil, so the response is affine in these directions and every derivative of order two or above vanishes"
1,elastic,1,4,1|1|2|2,mixed,4,0.0,0.0,0.0,0.0,expected_zero_independently_supported,3,0.00016,0.00064,618925048982733.2,12.971084737613873,False,True,0.0,,0.0,,,True,True,"Derivative is zero and independently supported without reference to the OTI result. exact local affineness: second and mixed differences of the independent reference stay at the arithmetic rounding floor (largest observed residual 0 of that floor) at amplitudes 1.600e-04, 8.000e-05, 4.000e-05 spanning the plateau stencil, so the response is affine in these directions and every derivative of order two or above vanishes"
1,elastic,2,4,1|1|2|2,mixed,4,0.0,0.0,0.0,0.0,expected_zero_independently_supported,3,2.5e-06,1e-05,906862.875,1.6105857859852521,False,True,0.061905148811941965,,0.0,,,True,True,"Derivative is zero and independently supported without reference to the OTI result. exact local affineness: second and mixed differences of the independent reference stay at the arithmetic rounding floor (largest observed residual 0.0619 of that floor) at amplitudes 1.600e-04, 8.000e-05, 4.000e-05 spanning the plateau stencil, so the response is affine in these directions and every derivative of order two or above vanishes"
1,elastic,3,4,1|1|2|2,mixed,4,0.0,0.0,0.0,0.0,expected_zero_independently_supported,3,5e-06,2e-05,13912882.375,3.4214442918106216,False,True,0.05609506603441055,,0.0,,,True,True,"Derivative is zero and independently supported without reference to the OTI result. exact local affineness: second and mixed differences of the independent reference stay at the arithmetic rounding floor (largest observed residual 0.0561 of that floor) at amplitudes 1.600e-04, 8.000e-05, 4.000e-05 spanning the plateau stencil, so the response is affine in these directions and every derivative of order two or above vanishes"
1,elastic,4,4,1|1|2|2,mixed,4,0.0,0.0,0.0,0.0,expected_zero_independently_supported,9,2.5e-06,0.00064,0.0,0.0,True,True,0.0,,0.0,,,True,True,"Derivative is zero and independently supported without reference to the OTI result. structural invariance: the response component is bit-identical at every stencil node and every step, so it does not depend on the perturbed strain components and all derivatives in these directions are exactly zero Also: exact local affineness: second and mixed differences of the independent reference stay at the arithmetic rounding floor (largest observed residual 0 of that floor) at amplitudes 1.600e-04, 8.000e-05, 4.000e-05 spanning the plateau stencil, so the response is affine in these directions and every derivative of order two or above vanishes"
1,elastic,1,2,1|2,mixed,1,0.0,0.0,0.0,0.0,expected_zero_independently_supported,3,1e-05,4e-05,4.868069663643837e-05,6.039341421143847,False,True,0.0,,0.0,,,True,True,"Derivative is zero and independently supported without reference to the OTI result. exact local affineness: second and mixed differences of the independent reference stay at the arithmetic rounding floor (largest observed residual 0 of that floor) at amplitudes 1.600e-04, 8.000e-05, 4.000e-05 spanning the plateau stencil, so the response is affine in these directions and every derivative of order two or above vanishes"
1,elastic,2,2,1|2,mixed,1,0.0,0.0,0.0,0.0,expected_zero_independently_supported,3,5e-06,2e-05,7.624039426445961e-07,4.317073170731708,False,True,0.061905148811941965,,0.0,,,True,True,"Derivative is zero and independently supported without reference to the OTI result. exact local affineness: second and mixed differences of the independent reference stay at the arithmetic rounding floor (largest observed residual 0.0619 of that floor) at amplitudes 1.600e-04, 8.000e-05, 4.000e-05 spanning the plateau stencil, so the response is affine in these directions and every derivative of order two or above vanishes"
1,elastic,3,2,1|2,mixed,1,0.0,0.0,0.0,0.0,expected_zero_independently_supported,3,5e-06,2e-05,3.174238372594118e-06,1.4703677739430543,False,True,0.05609506603441055,,0.0,,,True,True,"Derivative is zero and independently supported without reference to the OTI result. exact local affineness: second and mixed differences of the independent reference stay at the arithmetic rounding floor (largest observed residual 0.0561 of that floor) at amplitudes 1.600e-04, 8.000e-05, 4.000e-05 spanning the plateau stencil, so the response is affine in these directions and every derivative of order two or above vanishes"
1,elastic,4,2,1|2,mixed,1,0.0,0.0,0.0,0.0,expected_zero_independently_supported,9,2.5e-06,0.00064,0.0,0.0,True,True,0.0,,0.0,,,True,True,"Derivative is zero and independently supported without reference to the OTI result. structural invariance: the response component is bit-identical at every stencil node and every step, so it does not depend on the perturbed strain components and all derivatives in these directions are exactly zero Also: exact local affineness: second and mixed differences of the independent reference stay at the arithmetic rounding floor (largest observed residual 0 of that floor) at amplitudes 1.600e-04, 8.000e-05, 4.000e-05 spanning the plateau stencil, so the response is affine in these directions and every derivative of order two or above vanishes"
2,inelastic,1,2,1|1,repeated,2,-12632571.032442875,-0.05263571263517865,-12632571.030735016,-0.05263571262806256,resolved,6,2.5e-06,8e-05,0.005431555211544037,8.599287030849184e-10,False,False,301039182965.58813,,0.0017078593373298645,1.3519491267253885e-10,12.632571030735015,True,True,6 consecutive steps from 2.500e-06 to 8.000e-05 agree to 8.60e-10 relative; the plateau is a genuine independent estimate and its own spread sets the agreement tolerance.
2,inelastic,2,2,1|1,repeated,2,-12022165.687480252,-0.05009235703116772,-12022165.6875097,-0.05009235703129042,resolved,6,2.5e-06,8e-05,0.020213009789586067,3.3626237260373404e-09,False,False,2732095031959.737,,2.944841980934143e-05,2.4495103939497812e-12,12.0221656875097,True,True,6 consecutive steps from 2.500e-06 to 8.000e-05 agree to 3.36e-09 relative; the plateau is a genuine independent estimate and its own spread sets the agreement tolerance.
2,inelastic,3,2,1|1,repeated,2,24654736.719923124,0.10272806966634634,24654736.718994856,0.10272806966247856,resolved,7,2.5e-06,0.00016,3630.7182116545737,0.00029452500369694424,False,False,1505405429153.8691,,0.0009282678365707397,3.7650689486193956e-11,14522.872846618295,True,True,7 consecutive steps from 2.500e-06 to 1.600e-04 agree to 2.95e-04 relative; the plateau is a genuine independent estimate and its own spread sets the agreement tolerance.
2,inelastic,4,2,1|1,repeated,2,2297504.504403923,0.009572935435016345,2297504.5044177864,0.00957293543507411,resolved,6,2.5e-06,8e-05,0.0023696953430771828,2.062842826658736e-09,False,False,2569865318837.217,,1.3863202184438705e-05,6.034026117372857e-12,2.297504504417786,True,True,6 consecutive steps from 2.500e-06 to 8.000e-05 agree to 2.06e-09 relative; the plateau is a genuine independent estimate and its own spread sets the agreement tolerance.
2,inelastic,1,3,1|1|1,repeated,6,22587327245.69626,0.09411386352373442,22587327660.390625,0.09411386525162761,resolved,6,2.5e-06,8e-05,13551.5146484375,1.1999219077342716e-06,False,False,301039182965.58813,,414.6943664550781,1.835960290168768e-08,54206.05859375,True,True,6 consecutive steps from 2.500e-06 to 8.000e-05 agree to 1.20e-06 relative; the plateau is a genuine independent estimate and its own spread sets the agreement tolerance.
2,inelastic,2,3,1|1|1,repeated,6,10555490611.365192,0.04398121088068831,10555490568.320312,0.043981210701334636,resolved,6,2.5e-06,8e-05,26566.248046875,5.033635883604881e-06,False,False,2732095031959.737,,43.04487991333008,4.077961098512902e-09,106264.9921875,True,True,6 consecutive steps from 2.500e-06 to 8.000e-05 agree to 5.03e-06 relative; the plateau is a genuine independent estimate and its own spread sets the agreement tolerance.
2,inelastic,3,3,1|1|1,repeated,6,-33142817857.061428,-0.13809507440442262,-33142817475.539062,-0.1380950728147461,resolved,6,2.5e-06,8e-05,12995.202880859375,7.841942158629355e-07,False,False,1505405429153.8691,,381.52236557006836,1.1511464462900584e-08,51980.8115234375,True,True,6 consecutive steps from 2.500e-06 to 8.000e-05 agree to 7.84e-07 relative; the plateau is a genuine independent estimate and its own spread sets the agreement tolerance.
2,inelastic,4,3,1|1|1,repeated,6,-2737337505.3825912,-0.011405572939094132,-2737337470.0,-0.011405572791666669,resolved,6,2.5e-06,8e-05,2463.375244140625,1.7998330648947169e-06,False,False,2569865318837.217,,35.382591247558594,1.2925914921099806e-08,9853.5009765625,True,True,6 consecutive steps from 2.500e-06 to 8.000e-05 agree to 1.80e-06 relative; the plateau is a genuine independent estimate and its own spread sets the agreement tolerance.
2,inelastic,1,4,1|1|1|1,repeated,24,-48764580016206.625,-0.20318575006752765,-48764592542816.0,-0.20318580226173338,resolved,6,2.5e-06,8e-05,5154990592.0,0.00021142350722909642,False,False,301039182965.58813,,12526609.375,2.568791970116732e-07,20619962368.0,True,True,6 consecutive steps from 2.500e-06 to 8.000e-05 agree to 2.11e-04 relative; the plateau is a genuine independent estimate and its own spread sets the agreement tolerance.
2,inelastic,2,4,1|1|1|1,repeated,24,-6266027661366.242,-0.02610844858902601,-6266026446336.0,-0.026108443526400005,resolved,6,2.5e-06,8e-05,1109182660.0,0.00035403063472500473,False,False,2732095031959.737,,1215030.2421875,1.9390761475288338e-07,4436730640.0,True,True,6 consecutive steps from 2.500e-06 to 8.000e-05 agree to 3.54e-04 relative; the plateau is a genuine independent estimate and its own spread sets the agreement tolerance.
2,inelastic,3,4,1|1|1|1,repeated,24,55030607677572.83,0.22929419865655348,55030607261696.0,0.22929419692373337,resolved,6,2.5e-06,8e-05,783810560.0,2.8486349651662687e-05,False,False,1505405429153.8691,,415876.828125,7.557191330768226e-09,3135242240.0,True,True,6 consecutive steps from 2.500e-06 to 8.000e-05 agree to 2.85e-05 relative; the plateau is a genuine independent estimate and its own spread sets the agreement tolerance.
2,inelastic,4,4,1|1|1|1,repeated,24,3839727091227.5933,0.015998862880114973,3839726972928.0,0.015998862387200004,resolved,6,2.5e-06,8e-05,109838336.0,5.721153445253547e-05,False,False,2569865318837.217,,118299.59326171875,3.0809376316542865e-08,439353344.0,True,True,6 consecutive steps from 2.500e-06 to 8.000e-05 agree to 5.72e-05 relative; the plateau is a genuine independent estimate and its own spread sets the agreement tolerance.
2,inelastic,1,3,1|1|2,mixed,2,10555490611.365208,0.04398121088068837,10555490613.29699,0.04398121088873746,resolved,6,2.5e-06,8e-05,3034291.4303798676,0.0005749219134461647,False,False,301039182965.58813,,1.9317817687988281,1.8301203038021927e-10,12137165.72151947,True,True,6 consecutive steps from 2.500e-06 to 8.000e-05 agree to 5.75e-04 relative; the plateau is a genuine independent estimate and its own spread sets the agreement tolerance.
2,inelastic,2,3,1|1|2,mixed,2,-9907493251.520851,-0.04128122188133688,-9907493193.516148,-0.04128122163965062,resolved,6,2.5e-06,8e-05,2286431.793820381,0.0004615560665369343,False,False,7525422172725.473,,58.004703521728516,5.854629661485821e-09,9145727.175281525,True,True,6 consecutive steps from 2.500e-06 to 8.000e-05 agree to 4.62e-04 relative; the plateau is a genuine independent estimate and its own spread sets the agreement tolerance.
2,inelastic,3,3,1|1|2,mixed,2,-647997359.8443569,-0.002699988999351487,-647997339.2574463,-0.0026999889135726927,resolved,5,2.5e-06,4e-05,1054.411060333252,3.2543684871963323e-06,False,False,2052706159015.3115,,20.586910605430603,3.1770054224329956e-08,4217.644241333008,True,True,5 consecutive steps from 2.500e-06 to 4.000e-05 agree to 3.25e-06 relative; the plateau is a genuine independent estimate and its own spread sets the agreement tolerance.
2,inelastic,4,3,1|1|2,mixed,2,3458423807.5993776,0.014410099198330742,3458423807.2415714,0.014410099196839882,resolved,6,2.5e-06,8e-05,160413.2618522644,9.276668840665282e-05,False,False,2569865318837.217,,0.3578062057495117,1.0345932878448951e-10,641653.0474090576,True,True,6 consecutive steps from 2.500e-06 to 8.000e-05 agree to 9.28e-05 relative; the plateau is a genuine independent estimate and its own spread sets the agreement tolerance.
2,inelastic,1,4,1|1|2|2,mixed,4,27094651796747.535,0.11289438248644809,27094648831748.0,0.11289437013228334,resolved,5,2.5e-06,4e-05,1001620992.0,7.393496761813397e-05,False,False,301039182965.58813,,2964999.53515625,1.0943118523396505e-07,4006483968.0,True,True,5 consecutive steps from 2.500e-06 to 4.000e-05 agree to 7.39e-05 relative; the plateau is a genuine independent estimate and its own spread sets the agreement tolerance.
2,inelastic,2,4,1|1|2|2,mixed,4,14331361290971.115,0.05971400537904633,14331345684948.266,0.05971394035395112,resolved,5,2.5e-06,4e-05,6180637128.19043,0.0008625340933171051,False,False,7525422172725.473,,15606022.849609375,1.0889432990231936e-06,24722548512.76172,True,True,5 consecutive steps from 2.500e-06 to 4.000e-05 agree to 8.63e-04 relative; the plateau is a genuine independent estimate and its own spread sets the agreement tolerance.
2,inelastic,3,4,1|1|2|2,mixed,4,-41426013087718.67,-0.1726083878654945,-41426008174276.0,-0.17260836739281668,resolved,6,2.5e-06,8e-05,5751977061.9453125,0.00027769883295282477,False,False,2052706159015.3115,,4913442.671875,1.1860767880903534e-07,23007908247.78125,True,True,6 consecutive steps from 2.500e-06 to 8.000e-05 agree to 2.78e-04 relative; the plateau is a genuine independent estimate and its own spread sets the agreement tolerance.
2,inelastic,4,4,1|1|2|2,mixed,4,5172927368501.566,0.021553864035423198,5172928296180.0,0.021553867900750003,resolved,6,2.5e-06,8e-05,1172706648.4492188,0.0004534014706197322,False,False,2569865318837.217,,927678.43359375,1.7933332543557647e-07,4690826593.796875,True,True,6 consecutive steps from 2.500e-06 to 8.000e-05 agree to 4.53e-04 relative; the plateau is a genuine independent estimate and its own spread sets the agreement tolerance.
2,inelastic,1,2,1|2,mixed,1,-12022165.687480256,-0.05009235703116773,-12022165.687477186,-0.05009235703115494,resolved,6,2.5e-06,8e-05,485.27570960111916,8.073016496630114e-05,False,False,301039182965.58813,,3.069639205932617e-06,2.5533163372803017e-13,1941.1028384044766,True,True,6 consecutive steps from 2.500e-06 to 8.000e-05 agree to 8.07e-05 relative; the plateau is a genuine independent estimate and its own spread sets the agreement tolerance.
2,inelastic,2,2,1|2,mixed,1,-2074061.1509076182,-0.008641921462115076,-2074061.1508811598,-0.008641921462004832,resolved,6,2.5e-06,8e-05,365.2843113344861,0.000352240637822367,False,False,7525422172725.473,,2.6458408683538437e-05,1.275681224360123e-11,1461.1372453379445,True,True,6 consecutive steps from 2.500e-06 to 8.000e-05 agree to 3.52e-04 relative; the plateau is a genuine independent estimate and its own spread sets the agreement tolerance.
2,inelastic,3,2,1|2,mixed,1,14096226.838387888,0.05873427849328286,14096226.838412818,0.058734278493386735,resolved,6,2.5e-06,8e-05,119.9929997548461,1.7024839502136852e-05,False,False,2052706159015.3115,,2.492964267730713e-05,1.7685330239843184e-12,479.9719990193844,True,True,6 consecutive steps from 2.500e-06 to 8.000e-05 agree to 1.70e-05 relative; the plateau is a genuine independent estimate and its own spread sets the agreement tolerance.
2,inelastic,4,2,1|2,mixed,1,-2313730.6564192944,-0.009640544401747058,-2313730.65641889,-0.009640544401745376,resolved,6,2.5e-06,8e-05,25.64722225512378,2.216958329524806e-05,False,False,2569865318837.217,,4.041939973831177e-07,1.7469362575189055e-13,102.58888902049512,True,True,6 consecutive steps from 2.500e-06 to 8.000e-05 agree to 2.22e-05 relative; the plateau is a genuine independent estimate and its own spread sets the agreement tolerance.
3,inelastic,1,2,1|1,repeated,2,-6789513.585034737,-0.028289639937644738,-6789513.585082531,-0.028289639937843877,resolved,8,2.5e-06,0.00032,8.281418721191585,2.4394733488381166e-06,False,False,155542857825.80872,,4.7793611884117126e-05,7.0393278230013535e-12,33.12567488476634,True,True,8 consecutive steps from 2.500e-06 to 3.200e-04 agree to 2.44e-06 relative; the plateau is a genuine independent estimate and its own spread sets the agreement tolerance.
3,inelastic,2,2,1|1,repeated,2,-3823866.538705902,-0.015932777244607923,-3823866.5388032943,-0.015932777245013727,resolved,8,2.5e-06,0.00032,0.6914093303494155,3.616283797215354e-07,False,False,767242301003.3873,,9.739212691783905e-05,2.5469541347622084e-11,3.823866538803294,True,True,8 consecutive steps from 2.500e-06 to 3.200e-04 agree to 3.62e-07 relative; the plateau is a genuine independent estimate and its own spread sets the agreement tolerance.
3,inelastic,3,2,1|1,repeated,2,10613380.123740641,0.044222417182252664,10613380.12434864,0.044222417184786,resolved,9,2.5e-06,0.00064,1469.3412031475455,0.00027688468441390557,False,False,536536246957.40625,,0.0006079990416765213,5.728608930925624e-11,5877.364812590182,True,True,9 consecutive steps from 2.500e-06 to 6.400e-04 agree to 2.77e-04 relative; the plateau is a genuine independent estimate and its own spread sets the agreement tolerance.
3,inelastic,4,2,1|1,repeated,2,1294436.2739758953,0.005393484474899564,1294436.2740770578,0.005393484475321075,resolved,9,2.5e-06,0.00064,40.937359275179915,6.325125476627815e-05,False,False,1462209024121.4783,,0.00010116258636116982,7.815184755487438e-11,163.74943710071966,True,True,9 consecutive steps from 2.500e-06 to 6.400e-04 agree to 6.33e-05 relative; the plateau is a genuine independent estimate and its own spread sets the agreement tolerance.
3,inelastic,1,3,1|1|1,repeated,6,6799981984.708042,0.028333258269616846,6799981755.173828,0.028333257313224284,resolved,8,2.5e-06,0.00032,776306.388179779,0.0002283260209011941,False,False,155542857825.80872,,229.5342140197754,3.375512204060433e-08,3105225.552719116,True,True,8 consecutive steps from 2.500e-06 to 3.200e-04 agree to 2.28e-04 relative; the plateau is a genuine independent estimate and its own spread sets the agreement tolerance.
3,inelastic,2,3,1|1|1,repeated,6,897117644.087549,0.003737990183698121,897117639.5859375,0.0037379901649414065,resolved,7,2.5e-06,0.00016,12244.864318847656,2.7298235545784705e-05,False,False,767242301003.3873,,4.5016114711761475,5.0178608384669096e-09,48979.457275390625,True,True,7 consecutive steps from 2.500e-06 to 1.600e-04 agree to 2.73e-05 relative; the plateau is a genuine independent estimate and its own spread sets the agreement tolerance.
3,inelastic,3,3,1|1|1,repeated,6,-7697099628.795591,-0.032071248453314966,-7697099034.868164,-0.03207124597861735,resolved,8,2.5e-06,0.00032,1433448.8398971558,0.00037246469959749135,False,False,536536246957.40625,,593.9274272918701,7.716250298993885e-08,5733795.359588623,True,True,8 consecutive steps from 2.500e-06 to 3.200e-04 agree to 3.72e-04 relative; the plateau is a genuine independent estimate and its own spread sets the agreement tolerance.
3,inelastic,4,3,1|1|1,repeated,6,-838563461.1777644,-0.0034940144215740185,-838563380.7704468,-0.003494014086543528,resolved,8,2.5e-06,0.00032,182368.2469370365,0.0004349539966066299,False,False,1462209024121.4783,,80.40731763839722,9.588698896500989e-08,729472.987748146,True,True,8 consecutive steps from 2.500e-06 to 3.200e-04 agree to 4.35e-04 relative; the plateau is a genuine independent estimate and its own spread sets the agreement tolerance.
3,inelastic,1,4,1|1|1|1,repeated,24,-7985001830277.361,-0.03327084095948901,-7985001327712.0,-0.033270838865466675,resolved,7,5e-06,0.00032,1389675330.328125,0.0003480714087060318,False,False,155542857825.80872,,502565.361328125,6.293866972619886e-08,5558701321.3125,True,True,7 consecutive steps from 5.000e-06 to 3.200e-04 agree to 3.48e-04 relative; the plateau is a genuine independent estimate and its own spread sets the agreement tolerance.
3,inelastic,2,4,1|1|1|1,repeated,24,1633366353721.6074,0.006805693140506699,1633366549624.0,0.006805693956766668,resolved,7,5e-06,0.00032,174330223.5,0.00021346123874047834,False,False,767242301003.3873,,195902.392578125,1.199378012383207e-07,697320894.0,True,True,7 consecutive steps from 5.000e-06 to 3.200e-04 agree to 2.13e-04 relative; the plateau is a genuine independent estimate and its own spread sets the agreement tolerance.
3,inelastic,3,4,1|1|1|1,repeated,24,6351635476555.756,0.026465147818982324,6351611887616.0,0.02646504953173334,resolved,7,5e-06,0.00032,1491727781.796875,0.0004697162887755652,False,False,536536246957.40625,,23588939.755859375,3.71385093630354e-06,5966911127.1875,True,True,7 consecutive steps from 5.000e-06 to 3.200e-04 agree to 4.70e-04 relative; the plateau is a genuine independent estimate and its own spread sets the agreement tolerance.
3,inelastic,4,4,1|1|1|1,repeated,24,565209387947.4725,0.002355039116447803,565207937024.0,0.0023550330709333337,resolved,8,2.5e-06,0.00032,159717050.39453125,0.0005651620932129596,False,False,1462209024121.4783,,1450923.4725341797,2.5670613901385647e-06,638868201.578125,True,True,8 consecutive steps from 2.500e-06 to 3.200e-04 agree to 5.65e-04 relative; the plateau is a genuine independent estimate and its own spread sets the agreement tolerance.
3,inelastic,1,3,1|1|2,mixed,2,912020702.744385,0.0038000862614349378,912020703.0423529,0.0038000862626764707,resolved,7,2.5e-06,0.00016,5951.4326171875,1.3051091049434486e-05,False,False,155542857825.80872,,0.29796791076660156,3.2671178381436847e-10,23805.73046875,True,True,7 consecutive steps from 2.500e-06 to 1.600e-04 agree to 1.31e-05 relative; the plateau is a genuine independent estimate and its own spread sets the agreement tolerance.
3,inelastic,2,3,1|1|2,mixed,2,-3249984612.810498,-0.013541602553377077,-3249984618.5347757,-0.013541602577228232,resolved,7,2.5e-06,0.00016,1546.2539465427399,9.515453936147265e-07,False,False,2134109883707.5295,,5.724277496337891,1.7613244886428495e-09,6185.0157861709595,True,True,7 consecutive steps from 2.500e-06 to 1.600e-04 agree to 9.52e-07 relative; the plateau is a genuine independent estimate and its own spread sets the agreement tolerance.
3,inelastic,3,3,1|1|2,mixed,2,2337963910.0661135,0.009741516291942141,2337963909.492733,0.009741516289553056,resolved,8,2.5e-06,0.00032,172076.41805505753,0.00014720194555303712,False,False,620716894283.4261,,0.5733804702758789,2.452477850268805e-10,688305.6722202301,True,True,8 consecutive steps from 2.500e-06 to 3.200e-04 agree to 1.47e-04 relative; the plateau is a genuine independent estimate and its own spread sets the agreement tolerance.
3,inelastic,4,3,1|1|2,mixed,2,1136939138.6583006,0.004737246411076253,1136939144.1045685,0.004737246433769036,resolved,8,2.5e-06,0.00032,182173.37577533722,0.00032046284397888947,False,False,1492863398922.93,,5.44626784324646,4.790289675122266e-09,728693.5031013489,True,True,8 consecutive steps from 2.500e-06 to 3.200e-04 agree to 3.20e-04 relative; the plateau is a genuine independent estimate and its own spread sets the agreement tolerance.
3,inelastic,1,4,1|1|2|2,mixed,4,3643965486981.6616,0.01518318952909026,3643965353346.9404,0.01518318897227892,resolved,7,2.5e-06,0.00016,1008763776.0,0.0005536626604166047,False,False,155542857825.80872,,133634.72119140625,3.667288468279872e-08,4035055104.0,True,True,7 consecutive steps from 2.500e-06 to 1.600e-04 agree to 5.54e-04 relative; the plateau is a genuine independent estimate and its own spread sets the agreement tolerance.
3,inelastic,2,4,1|1|2|2,mixed,4,-794578357217.8827,-0.003310743155074512,-794578197583.326,-0.0033107424899305256,resolved,6,5e-06,0.00016,334221182.1484375,0.0008412543489488038,False,False,2134109883707.5295,,159634.556640625,2.0090477831652862e-07,1336884728.59375,True,True,6 consecutive steps from 5.000e-06 to 1.600e-04 agree to 8.41e-04 relative; the plateau is a genuine independent estimate and its own spread sets the agreement tolerance.
3,inelastic,3,4,1|1|2|2,mixed,4,-2849387129763.776,-0.011872446374015735,-2849387139316.703,-0.011872446413819598,resolved,7,5e-06,0.00032,199477212.46484375,0.0001400141172200836,False,False,620716894283.4261,,9552.92724609375,3.352625241505297e-09,797908849.859375,True,True,7 consecutive steps from 5.000e-06 to 3.200e-04 agree to 1.40e-04 relative; the plateau is a genuine independent estimate and its own spread sets the agreement tolerance.
3,inelastic,4,4,1|1|2|2,mixed,4,1179965636598.6,0.0049165234858275005,1179965636540.864,0.004916523485586934,resolved,7,2.5e-06,0.00016,106665608.0,0.0001807944311203778,False,False,1492863398922.93,,57.736083984375,4.89303096602301e-11,426662432.0,True,True,7 consecutive steps from 2.500e-06 to 1.600e-04 agree to 1.81e-04 relative; the plateau is a genuine independent estimate and its own spread sets the agreement tolerance.
3,inelastic,1,2,1|2,mixed,1,-3833212.662797413,-0.015971719428322553,-3833212.662736997,-0.01597171942807082,resolved,8,2.5e-06,0.00032,1149.096628103638,0.0005995475488610946,False,False,155542857825.80872,,6.041582673788071e-05,1.57611466030018e-11,4596.386512414552,True,True,8 consecutive steps from 2.500e-06 to 3.200e-04 agree to 6.00e-04 relative; the plateau is a genuine independent estimate and its own spread sets the agreement tolerance.
3,inelastic,2,2,1|2,mixed,1,1282544.3405974205,0.005343934752489251,1282544.3406002077,0.005343934752500865,resolved,7,2.5e-06,0.00016,0.045276042190380394,7.060347273325774e-08,False,False,2134109883707.5295,,2.7872156351804733e-06,2.173192416783116e-12,1.2825443406002077,True,True,7 consecutive steps from 2.500e-06 to 1.600e-04 agree to 7.06e-08 relative; the plateau is a genuine independent estimate and its own spread sets the agreement tolerance.
3,inelastic,3,2,1|2,mixed,1,2550668.322199991,0.010627784675833297,2550668.322243802,0.01062778467601584,resolved,8,2.5e-06,0.00032,173.94001368503086,0.00013638779465612155,False,False,620716894283.4261,,4.381081089377403e-05,1.71762084908139e-11,695.7600547401235,True,True,8 consecutive steps from 2.500e-06 to 3.200e-04 agree to 1.36e-04 relative; the plateau is a genuine independent estimate and its own spread sets the agreement tolerance.
3,inelastic,4,2,1|2,mixed,1,-1339547.3285784584,-0.005581447202410243,-1339547.3285811197,-0.005581447202421332,resolved,8,2.5e-06,0.00032,117.30693324143067,0.00017514414121624946,False,False,1492863398922.93,,2.66125425696373e-06,1.9866817694172805e-12,469.2277329657227,True,True,8 consecutive steps from 2.500e-06 to 3.200e-04 agree to 1.75e-04 relative; the plateau is a genuine independent estimate and its own spread sets the agreement tolerance.
4,inelastic,1,2,1|1,repeated,2,-18086089.16745959,-0.07535870486441494,-18038215.813484192,-0.07515923255618412,resolved,7,2.5e-06,0.00016,2.6304930597543716,2.916577877716694e-07,False,False,409761262408.3634,,47873.3539753966,0.0026539960753551696,18.03821581348419,False,False,7 consecutive steps from 2.500e-06 to 1.600e-04 agree to 2.92e-07 relative; the plateau is a genuine independent estimate and its own spread sets the agreement tolerance.
4,inelastic,2,2,1|1,repeated,2,-8992518.571812328,-0.03746882738255137,-9035437.671829972,-0.03764765696595821,resolved,7,2.5e-06,0.00016,0.13568148761987686,3.003318545218782e-08,False,False,1673894091115.729,,42919.100017644465,0.004750085339136863,9.035437671829971,False,False,7 consecutive steps from 2.500e-06 to 1.600e-04 agree to 3.00e-08 relative; the plateau is a genuine independent estimate and its own spread sets the agreement tolerance.
4,inelastic,3,2,1|1,repeated,2,27078607.739271905,0.11282753224696628,27073653.48520142,0.11280688952167257,resolved,7,2.5e-06,0.00016,2.486491911113262,1.8368351448927201e-07,False,False,1334630977038.2952,,4954.254070486873,0.0001829917071663376,27.07365348520142,False,False,7 consecutive steps from 2.500e-06 to 1.600e-04 agree to 1.84e-07 relative; the plateau is a genuine independent estimate and its own spread sets the agreement tolerance.
4,inelastic,4,2,1|1,repeated,2,3103158.9858304095,0.012929829107626706,2583445.8686855733,0.010764357786189888,resolved,7,2.5e-06,0.00016,0.1880441380199045,1.455762168654063e-07,False,False,2642415926750.5767,,519713.1171448361,0.2011705077487302,2.583445868685573,False,False,7 consecutive steps from 2.500e-06 to 1.600e-04 agree to 1.46e-07 relative; the plateau is a genuine independent estimate and its own spread sets the agreement tolerance.
4,inelastic,1,3,1|1|1,repeated,6,27563274444.761086,0.1148469768531712,27476687304.71875,0.1144861971029948,resolved,7,2.5e-06,0.00016,698705.7882080078,5.0858080558205756e-05,False,False,409761262408.3634,,86587140.04233551,0.003151294735135896,2794823.1528320312,False,False,7 consecutive steps from 2.500e-06 to 1.600e-04 agree to 5.09e-05 relative; the plateau is a genuine independent estimate and its own spread sets the agreement tolerance.
4,inelastic,2,3,1|1|1,repeated,6,1874910019.079987,0.007812125079499947,1984164593.0292969,0.008267352470955404,resolved,7,2.5e-06,0.00016,407426.03399658203,0.00041067765792005163,False,False,1673894091115.729,,109254573.94930983,0.055063261552564476,1629704.1359863281,False,False,7 consecutive steps from 2.500e-06 to 1.600e-04 agree to 4.11e-04 relative; the plateau is a genuine independent estimate and its own spread sets the agreement tolerance.
4,inelastic,3,3,1|1|1,repeated,6,-29438184463.841072,-0.12265910193267114,-29460851897.523438,-0.12275354957301433,resolved,7,2.5e-06,0.00016,1103521.5733947754,7.491443745301477e-05,False,False,1334630977038.2952,,22667433.682365417,0.0007694086294996414,4414086.293579102,False,False,7 consecutive steps from 2.500e-06 to 1.600e-04 agree to 7.49e-05 relative; the plateau is a genuine independent estimate and its own spread sets the agreement tolerance.
4,inelastic,4,3,1|1|1,repeated,6,-2990080856.542802,-0.012458670235595009,-2409561625.6601562,-0.010039840106917318,resolved,7,2.5e-06,0.00016,107280.48899841309,8.90456486822752e-05,False,False,2642415926750.5767,,580519230.8826456,0.24092317237314845,429121.95599365234,False,False,7 consecutive steps from 2.500e-06 to 1.600e-04 agree to 8.90e-05 relative; the plateau is a genuine independent estimate and its own spread sets the agreement tolerance.
4,inelastic,1,4,1|1|1|1,repeated,24,-48588876581445.125,-0.20245365242268806,-48454013691392.0,-0.20189172371413336,resolved,7,2.5e-06,0.00016,5696873918.0,0.00023514559410016704,False,False,409761262408.3634,,134862890053.125,0.002783317206951708,22787495672.0,False,False,7 consecutive steps from 2.500e-06 to 1.600e-04 agree to 2.35e-04 relative; the plateau is a genuine independent estimate and its own spread sets the agreement tolerance.
4,inelastic,2,4,1|1|1|1,repeated,24,13338861798842.512,0.05557859082851047,13079177696512.0,0.05449657373546668,resolved,7,2.5e-06,0.00016,3636166181.0,0.0005560236683640602,False,False,1673894091115.729,,259684102330.51172,0.019854772857758878,14544664724.0,False,False,7 consecutive steps from 2.500e-06 to 1.600e-04 agree to 5.56e-04 relative; the plateau is a genuine independent estimate and its own spread sets the agreement tolerance.
4,inelastic,3,4,1|1|1|1,repeated,24,35250014782602.6,0.14687506159417751,35374839619584.0,0.14739516508160003,resolved,7,2.5e-06,0.00016,2080106109.875,0.00011760370547226026,False,False,1334630977038.2952,,124824836981.39844,0.003528633297669954,8320424439.5,False,False,7 consecutive steps from 2.500e-06 to 1.600e-04 agree to 1.18e-04 relative; the plateau is a genuine independent estimate and its own spread sets the agreement tolerance.
4,inelastic,4,4,1|1|1|1,repeated,24,2824038071270.4946,0.011766825296960397,2101894420608.0,0.008757893419200002,resolved,7,2.5e-06,0.00016,143584859.421875,0.0001366242357504724,False,False,2642415926750.5767,,722143650662.4946,0.34356799446358743,574339437.6875,False,False,7 consecutive steps from 2.500e-06 to 1.600e-04 agree to 1.37e-04 relative; the plateau is a genuine independent estimate and its own spread sets the agreement tolerance.
4,inelastic,1,3,1|1|2,mixed,2,1931189704.7893894,0.00804662376995579,2012257770.9149399,0.008384407378812249,resolved,6,2.5e-06,8e-05,1840.0380859375,1.8288294000235025e-06,False,False,409761262408.3634,,81068066.12555051,0.04028711793156113,7360.15234375,False,False,6 consecutive steps from 2.500e-06 to 8.000e-05 agree to 1.83e-06 relative; the plateau is a genuine independent estimate and its own spread sets the agreement tolerance.
4,inelastic,2,3,1|1|2,mixed,2,-13052204337.78443,-0.05438418474076846,-13125172758.62686,-0.05468821982761192,resolved,6,2.5e-06,8e-05,570.9099473953247,8.699465643529596e-08,False,False,4681520105959.474,,72968420.84243011,0.005559425554568014,13125.172758626859,False,False,6 consecutive steps from 2.500e-06 to 8.000e-05 agree to 8.70e-08 relative; the plateau is a genuine independent estimate and its own spread sets the agreement tolerance.
4,inelastic,3,3,1|1|2,mixed,2,11121014632.995028,0.04633756097081262,11112914976.135498,0.04630381240056458,resolved,6,2.5e-06,8e-05,726.8444213867188,1.3081075900384113e-07,False,False,1485821100248.3857,,8099656.859529495,0.000728850789997328,11112.914976135498,False,False,6 consecutive steps from 2.500e-06 to 8.000e-05 agree to 1.31e-07 relative; the plateau is a genuine independent estimate and its own spread sets the agreement tolerance.
4,inelastic,4,3,1|1|2,mixed,2,4275949721.92604,0.017816457174691835,3735445192.5771484,0.015564354969071454,resolved,6,2.5e-06,8e-05,25.53950333595276,1.3674141645393871e-08,False,False,2953932658185.53,,540504529.3488917,0.14469614771030498,3735.445192577148,False,False,6 consecutive steps from 2.500e-06 to 8.000e-05 agree to 1.37e-08 relative; the plateau is a genuine independent estimate and its own spread sets the agreement tolerance.
4,inelastic,1,4,1|1|2|2,mixed,4,20684228588973.83,0.08618428578739096,20867559544470.0,0.08694816476862502,resolved,6,2.5e-06,8e-05,275106672.34375,2.6366923430359114e-05,False,False,409761262408.3634,,183330955496.17188,0.00878545261152761,1100426689.375,False,False,6 consecutive steps from 2.500e-06 to 8.000e-05 agree to 2.64e-05 relative; the plateau is a genuine independent estimate and its own spread sets the agreement tolerance.
4,inelastic,2,4,1|1|2|2,mixed,4,-8009514540321.324,-0.03337297725133885,-8154717760114.781,-0.03397799066714493,resolved,5,5e-06,8e-05,67549472.0625,1.65669675026372e-05,False,False,4681520105959.474,,145203219793.45703,0.017806038671706676,270197888.25,False,False,5 consecutive steps from 5.000e-06 to 8.000e-05 agree to 1.66e-05 relative; the plateau is a genuine independent estimate and its own spread sets the agreement tolerance.
4,inelastic,3,4,1|1|2|2,mixed,4,-12674714048652.506,-0.052811308536052114,-12712843632261.36,-0.052970181801089006,resolved,6,2.5e-06,8e-05,3449782046.0,0.0005427239012435415,False,False,1485821100248.3857,,38129583608.853516,0.002999296200898133,13799128184.0,False,False,6 consecutive steps from 2.500e-06 to 8.000e-05 agree to 5.43e-04 relative; the plateau is a genuine independent estimate and its own spread sets the agreement tolerance.
4,inelastic,4,4,1|1|2|2,mixed,4,7075422998612.05,0.02948092916088355,6257880546579.266,0.02607450227741361,resolved,6,2.5e-06,8e-05,287913804.0,9.201639496215114e-05,False,False,2953932658185.53,,817542452032.7842,0.1306420673816914,1151655216.0,False,False,6 consecutive steps from 2.500e-06 to 8.000e-05 agree to 9.20e-05 relative; the plateau is a genuine independent estimate and its own spread sets the agreement tolerance.
4,inelastic,1,2,1|2,mixed,1,-9014018.068385575,-0.037558408618273226,-9046178.211040266,-0.037692409212667775,resolved,6,2.5e-06,8e-05,0.010345946066081524,2.2873628674383126e-09,False,False,409761262408.3634,,32160.14265469089,0.0035551082351485794,9.046178211040266,False,False,6 consecutive steps from 2.500e-06 to 8.000e-05 agree to 2.29e-09 relative; the plateau is a genuine independent estimate and its own spread sets the agreement tolerance.
4,inelastic,2,2,1|2,mixed,1,4292369.257899984,0.0178848719079166,4319731.81834267,0.01799888257642779,resolved,6,2.5e-06,8e-05,0.012957979924976826,5.999437219669044e-09,False,False,4681520105959.474,,27362.56044268608,0.006334319257157992,4.31973181834267,False,False,6 consecutive steps from 2.500e-06 to 8.000e-05 agree to 6.00e-09 relative; the plateau is a genuine independent estimate and its own spread sets the agreement tolerance.
4,inelastic,3,2,1|2,mixed,1,4721648.810485585,0.019673536710356602,4726446.39289513,0.01969352663706304,resolved,6,2.5e-06,8e-05,0.004767267964780331,2.017273684494365e-09,False,False,1485821100248.3857,,4797.582409545779,0.0010150506343957655,4.72644639289513,False,False,6 consecutive steps from 2.500e-06 to 8.000e-05 agree to 2.02e-09 relative; the plateau is a genuine independent estimate and its own spread sets the agreement tolerance.
4,inelastic,4,2,1|2,mixed,1,-3329197.794396146,-0.013871657476650609,-2934667.7741487143,-0.012227782392286309,resolved,6,2.5e-06,8e-05,0.00817507621832192,5.5713810539888715e-09,False,False,2953932658185.53,,394530.02024743194,0.1344377117310585,2.934667774148714,False,False,6 consecutive steps from 2.500e-06 to 8.000e-05 agree to 5.57e-09 relative; the plateau is a genuine independent estimate and its own spread sets the agreement tolerance.
