increment,stress_component,method,E,NU,SIGY0,H
1,1,oti,  2.019230769230769E-04,  1.131656804733728E+02,  0.000000000000000E+00,  0.000000000000000E+00
1,2,oti,  8.653846153846152E-05,  1.309171597633136E+02,  0.000000000000000E+00,  0.000000000000000E+00
1,3,oti,  8.653846153846152E-05,  1.309171597633136E+02,  0.000000000000000E+00,  0.000000000000000E+00
1,4,oti,  0.000000000000000E+00,  0.000000000000000E+00,  0.000000000000000E+00,  0.000000000000000E+00
1,5,oti,  0.000000000000000E+00,  0.000000000000000E+00,  0.000000000000000E+00,  0.000000000000000E+00
1,6,oti,  0.000000000000000E+00,  0.000000000000000E+00,  0.000000000000000E+00,  0.000000000000000E+00
2,1,oti,  4.038461538461538E-04,  2.263313609467455E+02,  0.000000000000000E+00,  0.000000000000000E+00
2,2,oti,  1.730769230769230E-04,  2.618343195266272E+02,  0.000000000000000E+00,  0.000000000000000E+00
2,3,oti,  1.730769230769230E-04,  2.618343195266272E+02,  0.000000000000000E+00,  0.000000000000000E+00
2,4,oti,  0.000000000000000E+00,  0.000000000000000E+00,  0.000000000000000E+00,  0.000000000000000E+00
2,5,oti,  0.000000000000000E+00,  0.000000000000000E+00,  0.000000000000000E+00,  0.000000000000000E+00
2,6,oti,  0.000000000000000E+00,  0.000000000000000E+00,  0.000000000000000E+00,  0.000000000000000E+00
3,1,oti,  6.057692307692307E-04,  3.394970414201183E+02,  0.000000000000000E+00,  0.000000000000000E+00
3,2,oti,  2.596153846153846E-04,  3.927514792899407E+02,  0.000000000000000E+00,  0.000000000000000E+00
3,3,oti,  2.596153846153846E-04,  3.927514792899407E+02,  0.000000000000000E+00,  0.000000000000000E+00
3,4,oti,  0.000000000000000E+00,  0.000000000000000E+00,  0.000000000000000E+00,  0.000000000000000E+00
3,5,oti,  0.000000000000000E+00,  0.000000000000000E+00,  0.000000000000000E+00,  0.000000000000000E+00
3,6,oti,  0.000000000000000E+00,  0.000000000000000E+00,  0.000000000000000E+00,  0.000000000000000E+00
4,1,oti,  8.076923076923076E-04,  4.526627218934910E+02,  0.000000000000000E+00,  0.000000000000000E+00
4,2,oti,  3.461538461538461E-04,  5.236686390532543E+02,  0.000000000000000E+00,  0.000000000000000E+00
4,3,oti,  3.461538461538461E-04,  5.236686390532543E+02,  0.000000000000000E+00,  0.000000000000000E+00
4,4,oti,  0.000000000000000E+00,  0.000000000000000E+00,  0.000000000000000E+00,  0.000000000000000E+00
4,5,oti,  0.000000000000000E+00,  0.000000000000000E+00,  0.000000000000000E+00,  0.000000000000000E+00
4,6,oti,  0.000000000000000E+00,  0.000000000000000E+00,  0.000000000000000E+00,  0.000000000000000E+00
5,1,oti,  1.009615384615384E-03,  5.658284023668638E+02,  0.000000000000000E+00,  0.000000000000000E+00
5,2,oti,  4.326923076923076E-04,  6.545857988165678E+02,  0.000000000000000E+00,  0.000000000000000E+00
5,3,oti,  4.326923076923076E-04,  6.545857988165678E+02,  0.000000000000000E+00,  0.000000000000000E+00
5,4,oti,  0.000000000000000E+00,  0.000000000000000E+00,  0.000000000000000E+00,  0.000000000000000E+00
5,5,oti,  0.000000000000000E+00,  0.000000000000000E+00,  0.000000000000000E+00,  0.000000000000000E+00
5,6,oti,  0.000000000000000E+00,  0.000000000000000E+00,  0.000000000000000E+00,  0.000000000000000E+00
6,1,oti,  1.211538461538461E-03,  6.789940828402365E+02,  0.000000000000000E+00,  0.000000000000000E+00
6,2,oti,  5.192307692307691E-04,  7.855029585798814E+02,  0.000000000000000E+00,  0.000000000000000E+00
6,3,oti,  5.192307692307691E-04,  7.855029585798814E+02,  0.000000000000000E+00,  0.000000000000000E+00
6,4,oti,  0.000000000000000E+00,  0.000000000000000E+00,  0.000000000000000E+00,  0.000000000000000E+00
6,5,oti,  0.000000000000000E+00,  0.000000000000000E+00,  0.000000000000000E+00,  0.000000000000000E+00
6,6,oti,  0.000000000000000E+00,  0.000000000000000E+00,  0.000000000000000E+00,  0.000000000000000E+00
7,1,oti,  1.413461538461538E-03,  7.921597633136092E+02,  0.000000000000000E+00,  0.000000000000000E+00
7,2,oti,  6.057692307692307E-04,  9.164201183431949E+02,  0.000000000000000E+00,  0.000000000000000E+00
7,3,oti,  6.057692307692307E-04,  9.164201183431949E+02,  0.000000000000000E+00,  0.000000000000000E+00
7,4,oti,  0.000000000000000E+00,  0.000000000000000E+00,  0.000000000000000E+00,  0.000000000000000E+00
7,5,oti,  0.000000000000000E+00,  0.000000000000000E+00,  0.000000000000000E+00,  0.000000000000000E+00
7,6,oti,  0.000000000000000E+00,  0.000000000000000E+00,  0.000000000000000E+00,  0.000000000000000E+00
8,1,oti,  1.615384615384615E-03,  9.053254437869820E+02,  0.000000000000000E+00,  0.000000000000000E+00
8,2,oti,  6.923076923076922E-04,  1.047337278106508E+03,  0.000000000000000E+00,  0.000000000000000E+00
8,3,oti,  6.923076923076922E-04,  1.047337278106508E+03,  0.000000000000000E+00,  0.000000000000000E+00
8,4,oti,  0.000000000000000E+00,  0.000000000000000E+00,  0.000000000000000E+00,  0.000000000000000E+00
8,5,oti,  0.000000000000000E+00,  0.000000000000000E+00,  0.000000000000000E+00,  0.000000000000000E+00
8,6,oti,  0.000000000000000E+00,  0.000000000000000E+00,  0.000000000000000E+00,  0.000000000000000E+00
9,1,oti,  1.817307692307692E-03,  1.018491124260355E+03,  0.000000000000000E+00,  0.000000000000000E+00
9,2,oti,  7.788461538461536E-04,  1.178254437869822E+03,  0.000000000000000E+00,  0.000000000000000E+00
9,3,oti,  7.788461538461536E-04,  1.178254437869822E+03,  0.000000000000000E+00,  0.000000000000000E+00
9,4,oti,  0.000000000000000E+00,  0.000000000000000E+00,  0.000000000000000E+00,  0.000000000000000E+00
9,5,oti,  0.000000000000000E+00,  0.000000000000000E+00,  0.000000000000000E+00,  0.000000000000000E+00
9,6,oti,  0.000000000000000E+00,  0.000000000000000E+00,  0.000000000000000E+00,  0.000000000000000E+00
10,1,oti,  2.019230769230769E-03,  1.131656804733728E+03,  0.000000000000000E+00,  0.000000000000000E+00
10,2,oti,  8.653846153846151E-04,  1.309171597633135E+03,  0.000000000000000E+00,  0.000000000000000E+00
10,3,oti,  8.653846153846151E-04,  1.309171597633135E+03,  0.000000000000000E+00,  0.000000000000000E+00
10,4,oti,  0.000000000000000E+00,  0.000000000000000E+00,  0.000000000000000E+00,  0.000000000000000E+00
10,5,oti,  0.000000000000000E+00,  0.000000000000000E+00,  0.000000000000000E+00,  0.000000000000000E+00
10,6,oti,  0.000000000000000E+00,  0.000000000000000E+00,  0.000000000000000E+00,  0.000000000000000E+00
11,1,oti,  1.382161113923873E-03,  1.373898290165557E+03,  6.609385327164573E-01,  1.092099360073433E-05
11,2,oti,  1.371419443038063E-03,  1.375550854917220E+03, -3.304692663582287E-01, -5.460496800367164E-06
11,3,oti,  1.371419443038063E-03,  1.375550854917220E+03, -3.304692663582287E-01, -5.460496800367164E-06
11,4,oti,  0.000000000000000E+00,  0.000000000000000E+00,  0.000000000000000E+00,  0.000000000000000E+00
11,5,oti,  0.000000000000000E+00,  0.000000000000000E+00,  0.000000000000000E+00,  0.000000000000000E+00
11,6,oti,  0.000000000000000E+00,  0.000000000000000E+00,  0.000000000000000E+00,  0.000000000000000E+00
12,1,oti,  1.507166792840546E-03,  1.498897416486069E+03,  6.609385327164573E-01,  7.644695520514201E-05
12,2,oti,  1.496416603579727E-03,  1.500551291756964E+03, -3.304692663582287E-01, -3.822347760257101E-05
12,3,oti,  1.496416603579727E-03,  1.500551291756964E+03, -3.304692663582287E-01, -3.822347760257101E-05
12,4,oti,  0.000000000000000E+00,  0.000000000000000E+00,  0.000000000000000E+00,  0.000000000000000E+00
12,5,oti,  0.000000000000000E+00,  0.000000000000000E+00,  0.000000000000000E+00,  0.000000000000000E+00
12,6,oti,  0.000000000000000E+00,  0.000000000000000E+00,  0.000000000000000E+00,  0.000000000000000E+00
13,1,oti,  1.632172471757218E-03,  1.623896542806581E+03,  6.609385327164572E-01,  1.419729168095496E-04
13,2,oti,  1.621413764121390E-03,  1.625551728596708E+03, -3.304692663582286E-01, -7.098645840477482E-05
13,3,oti,  1.621413764121390E-03,  1.625551728596708E+03, -3.304692663582286E-01, -7.098645840477482E-05
13,4,oti,  0.000000000000000E+00,  0.000000000000000E+00,  0.000000000000000E+00,  0.000000000000000E+00
13,5,oti,  0.000000000000000E+00,  0.000000000000000E+00,  0.000000000000000E+00,  0.000000000000000E+00
13,6,oti,  0.000000000000000E+00,  0.000000000000000E+00,  0.000000000000000E+00,  0.000000000000000E+00
14,1,oti,  1.757178150673891E-03,  1.748895669127093E+03,  6.609385327164575E-01,  2.074988784139573E-04
14,2,oti,  1.746410924663054E-03,  1.750552165436452E+03, -3.304692663582288E-01, -1.037494392069787E-04
14,3,oti,  1.746410924663054E-03,  1.750552165436452E+03, -3.304692663582288E-01, -1.037494392069787E-04
14,4,oti,  0.000000000000000E+00,  0.000000000000000E+00,  0.000000000000000E+00,  0.000000000000000E+00
14,5,oti,  0.000000000000000E+00,  0.000000000000000E+00,  0.000000000000000E+00,  0.000000000000000E+00
14,6,oti,  0.000000000000000E+00,  0.000000000000000E+00,  0.000000000000000E+00,  0.000000000000000E+00
15,1,oti,  1.882183829590563E-03,  1.873894795447605E+03,  6.609385327164573E-01,  2.730248400183648E-04
15,2,oti,  1.871408085204718E-03,  1.875552602276196E+03, -3.304692663582287E-01, -1.365124200091824E-04
15,3,oti,  1.871408085204718E-03,  1.875552602276196E+03, -3.304692663582287E-01, -1.365124200091824E-04
15,4,oti,  0.000000000000000E+00,  0.000000000000000E+00,  0.000000000000000E+00,  0.000000000000000E+00
15,5,oti,  0.000000000000000E+00,  0.000000000000000E+00,  0.000000000000000E+00,  0.000000000000000E+00
15,6,oti,  0.000000000000000E+00,  0.000000000000000E+00,  0.000000000000000E+00,  0.000000000000000E+00
16,1,oti,  2.007189508507235E-03,  1.998893921768117E+03,  6.609385327164573E-01,  3.385508016227720E-04
16,2,oti,  1.996405245746382E-03,  2.000553039115940E+03, -3.304692663582287E-01, -1.692754008113860E-04
16,3,oti,  1.996405245746382E-03,  2.000553039115940E+03, -3.304692663582287E-01, -1.692754008113860E-04
16,4,oti,  0.000000000000000E+00,  0.000000000000000E+00,  0.000000000000000E+00,  0.000000000000000E+00
16,5,oti,  0.000000000000000E+00,  0.000000000000000E+00,  0.000000000000000E+00,  0.000000000000000E+00
16,6,oti,  0.000000000000000E+00,  0.000000000000000E+00,  0.000000000000000E+00,  0.000000000000000E+00
17,1,oti,  2.132195187423908E-03,  2.123893048088629E+03,  6.609385327164573E-01,  4.040767632271797E-04
17,2,oti,  2.121402406288046E-03,  2.125553475955684E+03, -3.304692663582287E-01, -2.020383816135898E-04
17,3,oti,  2.121402406288046E-03,  2.125553475955684E+03, -3.304692663582287E-01, -2.020383816135898E-04
17,4,oti,  0.000000000000000E+00,  0.000000000000000E+00,  0.000000000000000E+00,  0.000000000000000E+00
17,5,oti,  0.000000000000000E+00,  0.000000000000000E+00,  0.000000000000000E+00,  0.000000000000000E+00
17,6,oti,  0.000000000000000E+00,  0.000000000000000E+00,  0.000000000000000E+00,  0.000000000000000E+00
18,1,oti,  2.257200866340580E-03,  2.248892174409141E+03,  6.609385327164575E-01,  4.696027248315868E-04
18,2,oti,  2.246399566829710E-03,  2.250553912795428E+03, -3.304692663582288E-01, -2.348013624157934E-04
18,3,oti,  2.246399566829710E-03,  2.250553912795428E+03, -3.304692663582288E-01, -2.348013624157934E-04
18,4,oti,  0.000000000000000E+00,  0.000000000000000E+00,  0.000000000000000E+00,  0.000000000000000E+00
18,5,oti,  0.000000000000000E+00,  0.000000000000000E+00,  0.000000000000000E+00,  0.000000000000000E+00
18,6,oti,  0.000000000000000E+00,  0.000000000000000E+00,  0.000000000000000E+00,  0.000000000000000E+00
19,1,oti,  2.382206545257253E-03,  2.373891300729653E+03,  6.609385327164573E-01,  5.351286864359941E-04
19,2,oti,  2.371396727371374E-03,  2.375554349635172E+03, -3.304692663582287E-01, -2.675643432179971E-04
19,3,oti,  2.371396727371374E-03,  2.375554349635172E+03, -3.304692663582287E-01, -2.675643432179971E-04
19,4,oti,  0.000000000000000E+00,  0.000000000000000E+00,  0.000000000000000E+00,  0.000000000000000E+00
19,5,oti,  0.000000000000000E+00,  0.000000000000000E+00,  0.000000000000000E+00,  0.000000000000000E+00
19,6,oti,  0.000000000000000E+00,  0.000000000000000E+00,  0.000000000000000E+00,  0.000000000000000E+00
20,1,oti,  2.507212224173925E-03,  2.498890427050165E+03,  6.609385327164573E-01,  6.006546480404019E-04
20,2,oti,  2.496393887913038E-03,  2.500554786474916E+03, -3.304692663582287E-01, -3.003273240202009E-04
20,3,oti,  2.496393887913038E-03,  2.500554786474916E+03, -3.304692663582287E-01, -3.003273240202009E-04
20,4,oti,  0.000000000000000E+00,  0.000000000000000E+00,  0.000000000000000E+00,  0.000000000000000E+00
20,5,oti,  0.000000000000000E+00,  0.000000000000000E+00,  0.000000000000000E+00,  0.000000000000000E+00
20,6,oti,  0.000000000000000E+00,  0.000000000000000E+00,  0.000000000000000E+00,  0.000000000000000E+00
