increment,stress_component,method,E,NU,SIGY0,H
1,1,centered_fd,2.0192307691e-04,1.1316568048e+02,0.0000000000e+00,0.0000000000e+00
1,2,centered_fd,8.6538461543e-05,1.3091715976e+02,0.0000000000e+00,0.0000000000e+00
1,3,centered_fd,8.6538461543e-05,1.3091715976e+02,0.0000000000e+00,0.0000000000e+00
1,4,centered_fd,0.0000000000e+00,0.0000000000e+00,0.0000000000e+00,0.0000000000e+00
1,5,centered_fd,0.0000000000e+00,0.0000000000e+00,0.0000000000e+00,0.0000000000e+00
1,6,centered_fd,0.0000000000e+00,0.0000000000e+00,0.0000000000e+00,0.0000000000e+00
2,1,centered_fd,4.0384615382e-04,2.2633136096e+02,0.0000000000e+00,0.0000000000e+00
2,2,centered_fd,1.7307692309e-04,2.6183431953e+02,0.0000000000e+00,0.0000000000e+00
2,3,centered_fd,1.7307692309e-04,2.6183431953e+02,0.0000000000e+00,0.0000000000e+00
2,4,centered_fd,0.0000000000e+00,0.0000000000e+00,0.0000000000e+00,0.0000000000e+00
2,5,centered_fd,0.0000000000e+00,0.0000000000e+00,0.0000000000e+00,0.0000000000e+00
2,6,centered_fd,0.0000000000e+00,0.0000000000e+00,0.0000000000e+00,0.0000000000e+00
3,1,centered_fd,6.0576923072e-04,3.3949704143e+02,0.0000000000e+00,0.0000000000e+00
3,2,centered_fd,2.5961538464e-04,3.9275147929e+02,0.0000000000e+00,0.0000000000e+00
3,3,centered_fd,2.5961538464e-04,3.9275147929e+02,0.0000000000e+00,0.0000000000e+00
3,4,centered_fd,0.0000000000e+00,0.0000000000e+00,0.0000000000e+00,0.0000000000e+00
3,5,centered_fd,0.0000000000e+00,0.0000000000e+00,0.0000000000e+00,0.0000000000e+00
3,6,centered_fd,0.0000000000e+00,0.0000000000e+00,0.0000000000e+00,0.0000000000e+00
4,1,centered_fd,8.0769230763e-04,4.5266272191e+02,0.0000000000e+00,0.0000000000e+00
4,2,centered_fd,3.4615384617e-04,5.2366863905e+02,0.0000000000e+00,0.0000000000e+00
4,3,centered_fd,3.4615384617e-04,5.2366863905e+02,0.0000000000e+00,0.0000000000e+00
4,4,centered_fd,0.0000000000e+00,0.0000000000e+00,0.0000000000e+00,0.0000000000e+00
4,5,centered_fd,0.0000000000e+00,0.0000000000e+00,0.0000000000e+00,0.0000000000e+00
4,6,centered_fd,0.0000000000e+00,0.0000000000e+00,0.0000000000e+00,0.0000000000e+00
5,1,centered_fd,1.0096153846e-03,5.6582840239e+02,0.0000000000e+00,0.0000000000e+00
5,2,centered_fd,4.3269230773e-04,6.5458579882e+02,0.0000000000e+00,0.0000000000e+00
5,3,centered_fd,4.3269230773e-04,6.5458579882e+02,0.0000000000e+00,0.0000000000e+00
5,4,centered_fd,0.0000000000e+00,0.0000000000e+00,0.0000000000e+00,0.0000000000e+00
5,5,centered_fd,0.0000000000e+00,0.0000000000e+00,0.0000000000e+00,0.0000000000e+00
5,6,centered_fd,0.0000000000e+00,0.0000000000e+00,0.0000000000e+00,0.0000000000e+00
6,1,centered_fd,1.2115384615e-03,6.7899408286e+02,0.0000000000e+00,0.0000000000e+00
6,2,centered_fd,5.1923076928e-04,7.8550295859e+02,0.0000000000e+00,0.0000000000e+00
6,3,centered_fd,5.1923076928e-04,7.8550295859e+02,0.0000000000e+00,0.0000000000e+00
6,4,centered_fd,0.0000000000e+00,0.0000000000e+00,0.0000000000e+00,0.0000000000e+00
6,5,centered_fd,0.0000000000e+00,0.0000000000e+00,0.0000000000e+00,0.0000000000e+00
6,6,centered_fd,0.0000000000e+00,0.0000000000e+00,0.0000000000e+00,0.0000000000e+00
7,1,centered_fd,1.4134615384e-03,7.9215976334e+02,0.0000000000e+00,0.0000000000e+00
7,2,centered_fd,6.0576923083e-04,9.1642011835e+02,0.0000000000e+00,0.0000000000e+00
7,3,centered_fd,6.0576923083e-04,9.1642011835e+02,0.0000000000e+00,0.0000000000e+00
7,4,centered_fd,0.0000000000e+00,0.0000000000e+00,0.0000000000e+00,0.0000000000e+00
7,5,centered_fd,0.0000000000e+00,0.0000000000e+00,0.0000000000e+00,0.0000000000e+00
7,6,centered_fd,0.0000000000e+00,0.0000000000e+00,0.0000000000e+00,0.0000000000e+00
8,1,centered_fd,1.6153846154e-03,9.0532544380e+02,0.0000000000e+00,0.0000000000e+00
8,2,centered_fd,6.9230769242e-04,1.0473372781e+03,0.0000000000e+00,0.0000000000e+00
8,3,centered_fd,6.9230769242e-04,1.0473372781e+03,0.0000000000e+00,0.0000000000e+00
8,4,centered_fd,0.0000000000e+00,0.0000000000e+00,0.0000000000e+00,0.0000000000e+00
8,5,centered_fd,0.0000000000e+00,0.0000000000e+00,0.0000000000e+00,0.0000000000e+00
8,6,centered_fd,0.0000000000e+00,0.0000000000e+00,0.0000000000e+00,0.0000000000e+00
9,1,centered_fd,1.8173076924e-03,1.0184911243e+03,0.0000000000e+00,0.0000000000e+00
9,2,centered_fd,7.7884615401e-04,1.1782544379e+03,0.0000000000e+00,0.0000000000e+00
9,3,centered_fd,7.7884615401e-04,1.1782544379e+03,0.0000000000e+00,0.0000000000e+00
9,4,centered_fd,0.0000000000e+00,0.0000000000e+00,0.0000000000e+00,0.0000000000e+00
9,5,centered_fd,0.0000000000e+00,0.0000000000e+00,0.0000000000e+00,0.0000000000e+00
9,6,centered_fd,0.0000000000e+00,0.0000000000e+00,0.0000000000e+00,0.0000000000e+00
10,1,centered_fd,2.0192307694e-03,1.1316568047e+03,0.0000000000e+00,0.0000000000e+00
10,2,centered_fd,8.6538461559e-04,1.3091715976e+03,0.0000000000e+00,0.0000000000e+00
10,3,centered_fd,8.6538461559e-04,1.3091715976e+03,0.0000000000e+00,0.0000000000e+00
10,4,centered_fd,0.0000000000e+00,0.0000000000e+00,0.0000000000e+00,0.0000000000e+00
10,5,centered_fd,0.0000000000e+00,0.0000000000e+00,0.0000000000e+00,0.0000000000e+00
10,6,centered_fd,0.0000000000e+00,0.0000000000e+00,0.0000000000e+00,0.0000000000e+00
11,1,centered_fd,1.3821611142e-03,1.3738982901e+03,6.6093853263e-01,1.0920999216e-05
11,2,centered_fd,1.3714194433e-03,1.3755508549e+03,-3.3046926632e-01,-5.4604996080e-06
11,3,centered_fd,1.3714194433e-03,1.3755508549e+03,-3.3046926632e-01,-5.4604996080e-06
11,4,centered_fd,0.0000000000e+00,0.0000000000e+00,0.0000000000e+00,0.0000000000e+00
11,5,centered_fd,0.0000000000e+00,0.0000000000e+00,0.0000000000e+00,0.0000000000e+00
11,6,centered_fd,0.0000000000e+00,0.0000000000e+00,0.0000000000e+00,0.0000000000e+00
12,1,centered_fd,1.5071667931e-03,1.4988974164e+03,6.6093853275e-01,7.6446966091e-05
12,2,centered_fd,1.4964166039e-03,1.5005512917e+03,-3.3046926637e-01,-3.8223483045e-05
12,3,centered_fd,1.4964166039e-03,1.5005512917e+03,-3.3046926637e-01,-3.8223483045e-05
12,4,centered_fd,0.0000000000e+00,0.0000000000e+00,0.0000000000e+00,0.0000000000e+00
12,5,centered_fd,0.0000000000e+00,0.0000000000e+00,0.0000000000e+00,0.0000000000e+00
12,6,centered_fd,0.0000000000e+00,0.0000000000e+00,0.0000000000e+00,0.0000000000e+00
13,1,centered_fd,1.6321724722e-03,1.6238965428e+03,6.6093853275e-01,1.4197291875e-04
13,2,centered_fd,1.6214137645e-03,1.6255517285e+03,-3.3046926637e-01,-7.0986459377e-05
13,3,centered_fd,1.6214137645e-03,1.6255517285e+03,-3.3046926637e-01,-7.0986459377e-05
13,4,centered_fd,0.0000000000e+00,0.0000000000e+00,0.0000000000e+00,0.0000000000e+00
13,5,centered_fd,0.0000000000e+00,0.0000000000e+00,0.0000000000e+00,0.0000000000e+00
13,6,centered_fd,0.0000000000e+00,0.0000000000e+00,0.0000000000e+00,0.0000000000e+00
14,1,centered_fd,1.7571781510e-03,1.7488956690e+03,6.6093853275e-01,2.0749885721e-04
14,2,centered_fd,1.7464109250e-03,1.7505521654e+03,-3.3046926637e-01,-1.0374942860e-04
14,3,centered_fd,1.7464109250e-03,1.7505521654e+03,-3.3046926637e-01,-1.0374942860e-04
14,4,centered_fd,0.0000000000e+00,0.0000000000e+00,0.0000000000e+00,0.0000000000e+00
14,5,centered_fd,0.0000000000e+00,0.0000000000e+00,0.0000000000e+00,0.0000000000e+00
14,6,centered_fd,0.0000000000e+00,0.0000000000e+00,0.0000000000e+00,0.0000000000e+00
15,1,centered_fd,1.8821838296e-03,1.8738947954e+03,6.6093853275e-01,2.7302485250e-04
15,2,centered_fd,1.8714080855e-03,1.8755526022e+03,-3.3046926637e-01,-1.3651242625e-04
15,3,centered_fd,1.8714080855e-03,1.8755526022e+03,-3.3046926637e-01,-1.3651242625e-04
15,4,centered_fd,0.0000000000e+00,0.0000000000e+00,0.0000000000e+00,0.0000000000e+00
15,5,centered_fd,0.0000000000e+00,0.0000000000e+00,0.0000000000e+00,0.0000000000e+00
15,6,centered_fd,0.0000000000e+00,0.0000000000e+00,0.0000000000e+00,0.0000000000e+00
16,1,centered_fd,2.0071895088e-03,1.9988939217e+03,6.6093853275e-01,3.3855081938e-04
16,2,centered_fd,1.9964052458e-03,2.0005530391e+03,-3.3046926637e-01,-1.6927540969e-04
16,3,centered_fd,1.9964052458e-03,2.0005530391e+03,-3.3046926637e-01,-1.6927540969e-04
16,4,centered_fd,0.0000000000e+00,0.0000000000e+00,0.0000000000e+00,0.0000000000e+00
16,5,centered_fd,0.0000000000e+00,0.0000000000e+00,0.0000000000e+00,0.0000000000e+00
16,6,centered_fd,0.0000000000e+00,0.0000000000e+00,0.0000000000e+00,0.0000000000e+00
17,1,centered_fd,2.1321951877e-03,2.1238930481e+03,6.6093853275e-01,4.0407675783e-04
17,2,centered_fd,2.1214024063e-03,2.1255534759e+03,-3.3046926637e-01,-2.0203837892e-04
17,3,centered_fd,2.1214024063e-03,2.1255534759e+03,-3.3046926637e-01,-2.0203837892e-04
17,4,centered_fd,0.0000000000e+00,0.0000000000e+00,0.0000000000e+00,0.0000000000e+00
17,5,centered_fd,0.0000000000e+00,0.0000000000e+00,0.0000000000e+00,0.0000000000e+00
17,6,centered_fd,0.0000000000e+00,0.0000000000e+00,0.0000000000e+00,0.0000000000e+00
18,1,centered_fd,2.2572008663e-03,2.2488921744e+03,6.6093853275e-01,4.6960272471e-04
18,2,centered_fd,2.2463995670e-03,2.2505539127e+03,-3.3046926637e-01,-2.3480136235e-04
18,3,centered_fd,2.2463995670e-03,2.2505539127e+03,-3.3046926637e-01,-2.3480136235e-04
18,4,centered_fd,0.0000000000e+00,0.0000000000e+00,0.0000000000e+00,0.0000000000e+00
18,5,centered_fd,0.0000000000e+00,0.0000000000e+00,0.0000000000e+00,0.0000000000e+00
18,6,centered_fd,0.0000000000e+00,0.0000000000e+00,0.0000000000e+00,0.0000000000e+00
19,1,centered_fd,2.3822065452e-03,2.3738913007e+03,6.6093853252e-01,5.3512869158e-04
19,2,centered_fd,2.3713967275e-03,2.3755543496e+03,-3.3046926626e-01,-2.6756434579e-04
19,3,centered_fd,2.3713967275e-03,2.3755543496e+03,-3.3046926626e-01,-2.6756434579e-04
19,4,centered_fd,0.0000000000e+00,0.0000000000e+00,0.0000000000e+00,0.0000000000e+00
19,5,centered_fd,0.0000000000e+00,0.0000000000e+00,0.0000000000e+00,0.0000000000e+00
19,6,centered_fd,0.0000000000e+00,0.0000000000e+00,0.0000000000e+00,0.0000000000e+00
20,1,centered_fd,2.5072122244e-03,2.4988904270e+03,6.6093853252e-01,6.0065465846e-04
20,2,centered_fd,2.4963938878e-03,2.5005547865e+03,-3.3046926626e-01,-3.0032732923e-04
20,3,centered_fd,2.4963938878e-03,2.5005547865e+03,-3.3046926626e-01,-3.0032732923e-04
20,4,centered_fd,0.0000000000e+00,0.0000000000e+00,0.0000000000e+00,0.0000000000e+00
20,5,centered_fd,0.0000000000e+00,0.0000000000e+00,0.0000000000e+00,0.0000000000e+00
20,6,centered_fd,0.0000000000e+00,0.0000000000e+00,0.0000000000e+00,0.0000000000e+00
