increment,array,row,parameter,oti,fd,abs_diff,rel_diff
1,DSIGMA_DP,1,E,2.0192307692e-04,2.0192307691e-04,1.308e-14,1.308e-14
1,DSIGMA_DP,1,NU,1.1316568047e+02,1.1316568048e+02,6.627e-09,5.856e-11
1,DSIGMA_DP,1,SIGY0,0.0000000000e+00,0.0000000000e+00,0.000e+00,0.000e+00
1,DSIGMA_DP,1,H,0.0000000000e+00,0.0000000000e+00,0.000e+00,0.000e+00
1,DSIGMA_DP,2,E,8.6538461538e-05,8.6538461543e-05,4.538e-15,4.538e-15
1,DSIGMA_DP,2,NU,1.3091715976e+02,1.3091715976e+02,3.314e-09,2.531e-11
1,DSIGMA_DP,2,SIGY0,0.0000000000e+00,0.0000000000e+00,0.000e+00,0.000e+00
1,DSIGMA_DP,2,H,0.0000000000e+00,0.0000000000e+00,0.000e+00,0.000e+00
1,DSIGMA_DP,3,E,8.6538461538e-05,8.6538461543e-05,4.538e-15,4.538e-15
1,DSIGMA_DP,3,NU,1.3091715976e+02,1.3091715976e+02,3.314e-09,2.531e-11
1,DSIGMA_DP,3,SIGY0,0.0000000000e+00,0.0000000000e+00,0.000e+00,0.000e+00
1,DSIGMA_DP,3,H,0.0000000000e+00,0.0000000000e+00,0.000e+00,0.000e+00
1,DSIGMA_DP,4,E,0.0000000000e+00,0.0000000000e+00,0.000e+00,0.000e+00
1,DSIGMA_DP,4,NU,0.0000000000e+00,0.0000000000e+00,0.000e+00,0.000e+00
1,DSIGMA_DP,4,SIGY0,0.0000000000e+00,0.0000000000e+00,0.000e+00,0.000e+00
1,DSIGMA_DP,4,H,0.0000000000e+00,0.0000000000e+00,0.000e+00,0.000e+00
1,DSIGMA_DP,5,E,0.0000000000e+00,0.0000000000e+00,0.000e+00,0.000e+00
1,DSIGMA_DP,5,NU,0.0000000000e+00,0.0000000000e+00,0.000e+00,0.000e+00
1,DSIGMA_DP,5,SIGY0,0.0000000000e+00,0.0000000000e+00,0.000e+00,0.000e+00
1,DSIGMA_DP,5,H,0.0000000000e+00,0.0000000000e+00,0.000e+00,0.000e+00
1,DSIGMA_DP,6,E,0.0000000000e+00,0.0000000000e+00,0.000e+00,0.000e+00
1,DSIGMA_DP,6,NU,0.0000000000e+00,0.0000000000e+00,0.000e+00,0.000e+00
1,DSIGMA_DP,6,SIGY0,0.0000000000e+00,0.0000000000e+00,0.000e+00,0.000e+00
1,DSIGMA_DP,6,H,0.0000000000e+00,0.0000000000e+00,0.000e+00,0.000e+00
2,DSIGMA_DP,1,E,4.0384615385e-04,4.0384615382e-04,2.615e-14,2.615e-14
2,DSIGMA_DP,1,NU,2.2633136095e+02,2.2633136096e+02,1.325e-08,5.856e-11
2,DSIGMA_DP,1,SIGY0,0.0000000000e+00,0.0000000000e+00,0.000e+00,0.000e+00
2,DSIGMA_DP,1,H,0.0000000000e+00,0.0000000000e+00,0.000e+00,0.000e+00
2,DSIGMA_DP,2,E,1.7307692308e-04,1.7307692309e-04,1.308e-14,1.308e-14
2,DSIGMA_DP,2,NU,2.6183431953e+02,2.6183431953e+02,3.373e-09,1.288e-11
2,DSIGMA_DP,2,SIGY0,0.0000000000e+00,0.0000000000e+00,0.000e+00,0.000e+00
2,DSIGMA_DP,2,H,0.0000000000e+00,0.0000000000e+00,0.000e+00,0.000e+00
2,DSIGMA_DP,3,E,1.7307692308e-04,1.7307692309e-04,1.308e-14,1.308e-14
2,DSIGMA_DP,3,NU,2.6183431953e+02,2.6183431953e+02,3.373e-09,1.288e-11
2,DSIGMA_DP,3,SIGY0,0.0000000000e+00,0.0000000000e+00,0.000e+00,0.000e+00
2,DSIGMA_DP,3,H,0.0000000000e+00,0.0000000000e+00,0.000e+00,0.000e+00
2,DSIGMA_DP,4,E,0.0000000000e+00,0.0000000000e+00,0.000e+00,0.000e+00
2,DSIGMA_DP,4,NU,0.0000000000e+00,0.0000000000e+00,0.000e+00,0.000e+00
2,DSIGMA_DP,4,SIGY0,0.0000000000e+00,0.0000000000e+00,0.000e+00,0.000e+00
2,DSIGMA_DP,4,H,0.0000000000e+00,0.0000000000e+00,0.000e+00,0.000e+00
2,DSIGMA_DP,5,E,0.0000000000e+00,0.0000000000e+00,0.000e+00,0.000e+00
2,DSIGMA_DP,5,NU,0.0000000000e+00,0.0000000000e+00,0.000e+00,0.000e+00
2,DSIGMA_DP,5,SIGY0,0.0000000000e+00,0.0000000000e+00,0.000e+00,0.000e+00
2,DSIGMA_DP,5,H,0.0000000000e+00,0.0000000000e+00,0.000e+00,0.000e+00
2,DSIGMA_DP,6,E,0.0000000000e+00,0.0000000000e+00,0.000e+00,0.000e+00
2,DSIGMA_DP,6,NU,0.0000000000e+00,0.0000000000e+00,0.000e+00,0.000e+00
2,DSIGMA_DP,6,SIGY0,0.0000000000e+00,0.0000000000e+00,0.000e+00,0.000e+00
2,DSIGMA_DP,6,H,0.0000000000e+00,0.0000000000e+00,0.000e+00,0.000e+00
3,DSIGMA_DP,1,E,6.0576923077e-04,6.0576923072e-04,4.923e-14,4.923e-14
3,DSIGMA_DP,1,NU,3.3949704142e+02,3.3949704143e+02,9.882e-09,2.911e-11
3,DSIGMA_DP,1,SIGY0,0.0000000000e+00,0.0000000000e+00,0.000e+00,0.000e+00
3,DSIGMA_DP,1,H,0.0000000000e+00,0.0000000000e+00,0.000e+00,0.000e+00
3,DSIGMA_DP,2,E,2.5961538462e-04,2.5961538464e-04,2.462e-14,2.462e-14
3,DSIGMA_DP,2,NU,3.9275147929e+02,3.9275147929e+02,5.934e-11,1.511e-13
3,DSIGMA_DP,2,SIGY0,0.0000000000e+00,0.0000000000e+00,0.000e+00,0.000e+00
3,DSIGMA_DP,2,H,0.0000000000e+00,0.0000000000e+00,0.000e+00,0.000e+00
3,DSIGMA_DP,3,E,2.5961538462e-04,2.5961538464e-04,2.462e-14,2.462e-14
3,DSIGMA_DP,3,NU,3.9275147929e+02,3.9275147929e+02,5.934e-11,1.511e-13
3,DSIGMA_DP,3,SIGY0,0.0000000000e+00,0.0000000000e+00,0.000e+00,0.000e+00
3,DSIGMA_DP,3,H,0.0000000000e+00,0.0000000000e+00,0.000e+00,0.000e+00
3,DSIGMA_DP,4,E,0.0000000000e+00,0.0000000000e+00,0.000e+00,0.000e+00
3,DSIGMA_DP,4,NU,0.0000000000e+00,0.0000000000e+00,0.000e+00,0.000e+00
3,DSIGMA_DP,4,SIGY0,0.0000000000e+00,0.0000000000e+00,0.000e+00,0.000e+00
3,DSIGMA_DP,4,H,0.0000000000e+00,0.0000000000e+00,0.000e+00,0.000e+00
3,DSIGMA_DP,5,E,0.0000000000e+00,0.0000000000e+00,0.000e+00,0.000e+00
3,DSIGMA_DP,5,NU,0.0000000000e+00,0.0000000000e+00,0.000e+00,0.000e+00
3,DSIGMA_DP,5,SIGY0,0.0000000000e+00,0.0000000000e+00,0.000e+00,0.000e+00
3,DSIGMA_DP,5,H,0.0000000000e+00,0.0000000000e+00,0.000e+00,0.000e+00
3,DSIGMA_DP,6,E,0.0000000000e+00,0.0000000000e+00,0.000e+00,0.000e+00
3,DSIGMA_DP,6,NU,0.0000000000e+00,0.0000000000e+00,0.000e+00,0.000e+00
3,DSIGMA_DP,6,SIGY0,0.0000000000e+00,0.0000000000e+00,0.000e+00,0.000e+00
3,DSIGMA_DP,6,H,0.0000000000e+00,0.0000000000e+00,0.000e+00,0.000e+00
4,DSIGMA_DP,1,E,8.0769230769e-04,8.0769230763e-04,6.231e-14,6.231e-14
4,DSIGMA_DP,1,NU,4.5266272189e+02,4.5266272191e+02,1.651e-08,3.647e-11
4,DSIGMA_DP,1,SIGY0,0.0000000000e+00,0.0000000000e+00,0.000e+00,0.000e+00
4,DSIGMA_DP,1,H,0.0000000000e+00,0.0000000000e+00,0.000e+00,0.000e+00
4,DSIGMA_DP,2,E,3.4615384615e-04,3.4615384617e-04,1.615e-14,1.615e-14
4,DSIGMA_DP,2,NU,5.2366863905e+02,5.2366863905e+02,3.254e-09,6.214e-12
4,DSIGMA_DP,2,SIGY0,0.0000000000e+00,0.0000000000e+00,0.000e+00,0.000e+00
4,DSIGMA_DP,2,H,0.0000000000e+00,0.0000000000e+00,0.000e+00,0.000e+00
4,DSIGMA_DP,3,E,3.4615384615e-04,3.4615384617e-04,1.615e-14,1.615e-14
4,DSIGMA_DP,3,NU,5.2366863905e+02,5.2366863905e+02,3.254e-09,6.214e-12
4,DSIGMA_DP,3,SIGY0,0.0000000000e+00,0.0000000000e+00,0.000e+00,0.000e+00
4,DSIGMA_DP,3,H,0.0000000000e+00,0.0000000000e+00,0.000e+00,0.000e+00
4,DSIGMA_DP,4,E,0.0000000000e+00,0.0000000000e+00,0.000e+00,0.000e+00
4,DSIGMA_DP,4,NU,0.0000000000e+00,0.0000000000e+00,0.000e+00,0.000e+00
4,DSIGMA_DP,4,SIGY0,0.0000000000e+00,0.0000000000e+00,0.000e+00,0.000e+00
4,DSIGMA_DP,4,H,0.0000000000e+00,0.0000000000e+00,0.000e+00,0.000e+00
4,DSIGMA_DP,5,E,0.0000000000e+00,0.0000000000e+00,0.000e+00,0.000e+00
4,DSIGMA_DP,5,NU,0.0000000000e+00,0.0000000000e+00,0.000e+00,0.000e+00
4,DSIGMA_DP,5,SIGY0,0.0000000000e+00,0.0000000000e+00,0.000e+00,0.000e+00
4,DSIGMA_DP,5,H,0.0000000000e+00,0.0000000000e+00,0.000e+00,0.000e+00
4,DSIGMA_DP,6,E,0.0000000000e+00,0.0000000000e+00,0.000e+00,0.000e+00
4,DSIGMA_DP,6,NU,0.0000000000e+00,0.0000000000e+00,0.000e+00,0.000e+00
4,DSIGMA_DP,6,SIGY0,0.0000000000e+00,0.0000000000e+00,0.000e+00,0.000e+00
4,DSIGMA_DP,6,H,0.0000000000e+00,0.0000000000e+00,0.000e+00,0.000e+00
5,DSIGMA_DP,1,E,1.0096153846e-03,1.0096153846e-03,1.538e-14,1.538e-14
5,DSIGMA_DP,1,NU,5.6582840237e+02,5.6582840239e+02,2.314e-08,4.089e-11
5,DSIGMA_DP,1,SIGY0,0.0000000000e+00,0.0000000000e+00,0.000e+00,0.000e+00
5,DSIGMA_DP,1,H,0.0000000000e+00,0.0000000000e+00,0.000e+00,0.000e+00
5,DSIGMA_DP,2,E,4.3269230769e-04,4.3269230773e-04,3.769e-14,3.769e-14
5,DSIGMA_DP,2,NU,6.5458579882e+02,6.5458579882e+02,3.432e-09,5.243e-12
5,DSIGMA_DP,2,SIGY0,0.0000000000e+00,0.0000000000e+00,0.000e+00,0.000e+00
5,DSIGMA_DP,2,H,0.0000000000e+00,0.0000000000e+00,0.000e+00,0.000e+00
5,DSIGMA_DP,3,E,4.3269230769e-04,4.3269230773e-04,3.769e-14,3.769e-14
5,DSIGMA_DP,3,NU,6.5458579882e+02,6.5458579882e+02,3.432e-09,5.243e-12
5,DSIGMA_DP,3,SIGY0,0.0000000000e+00,0.0000000000e+00,0.000e+00,0.000e+00
5,DSIGMA_DP,3,H,0.0000000000e+00,0.0000000000e+00,0.000e+00,0.000e+00
5,DSIGMA_DP,4,E,0.0000000000e+00,0.0000000000e+00,0.000e+00,0.000e+00
5,DSIGMA_DP,4,NU,0.0000000000e+00,0.0000000000e+00,0.000e+00,0.000e+00
5,DSIGMA_DP,4,SIGY0,0.0000000000e+00,0.0000000000e+00,0.000e+00,0.000e+00
5,DSIGMA_DP,4,H,0.0000000000e+00,0.0000000000e+00,0.000e+00,0.000e+00
5,DSIGMA_DP,5,E,0.0000000000e+00,0.0000000000e+00,0.000e+00,0.000e+00
5,DSIGMA_DP,5,NU,0.0000000000e+00,0.0000000000e+00,0.000e+00,0.000e+00
5,DSIGMA_DP,5,SIGY0,0.0000000000e+00,0.0000000000e+00,0.000e+00,0.000e+00
5,DSIGMA_DP,5,H,0.0000000000e+00,0.0000000000e+00,0.000e+00,0.000e+00
5,DSIGMA_DP,6,E,0.0000000000e+00,0.0000000000e+00,0.000e+00,0.000e+00
5,DSIGMA_DP,6,NU,0.0000000000e+00,0.0000000000e+00,0.000e+00,0.000e+00
5,DSIGMA_DP,6,SIGY0,0.0000000000e+00,0.0000000000e+00,0.000e+00,0.000e+00
5,DSIGMA_DP,6,H,0.0000000000e+00,0.0000000000e+00,0.000e+00,0.000e+00
6,DSIGMA_DP,1,E,1.2115384615e-03,1.2115384615e-03,3.846e-14,3.846e-14
6,DSIGMA_DP,1,NU,6.7899408284e+02,6.7899408286e+02,1.976e-08,2.911e-11
6,DSIGMA_DP,1,SIGY0,0.0000000000e+00,0.0000000000e+00,0.000e+00,0.000e+00
6,DSIGMA_DP,1,H,0.0000000000e+00,0.0000000000e+00,0.000e+00,0.000e+00
6,DSIGMA_DP,2,E,5.1923076923e-04,5.1923076928e-04,4.923e-14,4.923e-14
6,DSIGMA_DP,2,NU,7.8550295858e+02,7.8550295859e+02,1.012e-08,1.288e-11
6,DSIGMA_DP,2,SIGY0,0.0000000000e+00,0.0000000000e+00,0.000e+00,0.000e+00
6,DSIGMA_DP,2,H,0.0000000000e+00,0.0000000000e+00,0.000e+00,0.000e+00
6,DSIGMA_DP,3,E,5.1923076923e-04,5.1923076928e-04,4.923e-14,4.923e-14
6,DSIGMA_DP,3,NU,7.8550295858e+02,7.8550295859e+02,1.012e-08,1.288e-11
6,DSIGMA_DP,3,SIGY0,0.0000000000e+00,0.0000000000e+00,0.000e+00,0.000e+00
6,DSIGMA_DP,3,H,0.0000000000e+00,0.0000000000e+00,0.000e+00,0.000e+00
6,DSIGMA_DP,4,E,0.0000000000e+00,0.0000000000e+00,0.000e+00,0.000e+00
6,DSIGMA_DP,4,NU,0.0000000000e+00,0.0000000000e+00,0.000e+00,0.000e+00
6,DSIGMA_DP,4,SIGY0,0.0000000000e+00,0.0000000000e+00,0.000e+00,0.000e+00
6,DSIGMA_DP,4,H,0.0000000000e+00,0.0000000000e+00,0.000e+00,0.000e+00
6,DSIGMA_DP,5,E,0.0000000000e+00,0.0000000000e+00,0.000e+00,0.000e+00
6,DSIGMA_DP,5,NU,0.0000000000e+00,0.0000000000e+00,0.000e+00,0.000e+00
6,DSIGMA_DP,5,SIGY0,0.0000000000e+00,0.0000000000e+00,0.000e+00,0.000e+00
6,DSIGMA_DP,5,H,0.0000000000e+00,0.0000000000e+00,0.000e+00,0.000e+00
6,DSIGMA_DP,6,E,0.0000000000e+00,0.0000000000e+00,0.000e+00,0.000e+00
6,DSIGMA_DP,6,NU,0.0000000000e+00,0.0000000000e+00,0.000e+00,0.000e+00
6,DSIGMA_DP,6,SIGY0,0.0000000000e+00,0.0000000000e+00,0.000e+00,0.000e+00
6,DSIGMA_DP,6,H,0.0000000000e+00,0.0000000000e+00,0.000e+00,0.000e+00
7,DSIGMA_DP,1,E,1.4134615385e-03,1.4134615384e-03,6.154e-14,6.154e-14
7,DSIGMA_DP,1,NU,7.9215976331e+02,7.9215976334e+02,2.639e-08,3.332e-11
7,DSIGMA_DP,1,SIGY0,0.0000000000e+00,0.0000000000e+00,0.000e+00,0.000e+00
7,DSIGMA_DP,1,H,0.0000000000e+00,0.0000000000e+00,0.000e+00,0.000e+00
7,DSIGMA_DP,2,E,6.0576923077e-04,6.0576923083e-04,6.077e-14,6.077e-14
7,DSIGMA_DP,2,NU,9.1642011834e+02,9.1642011835e+02,6.805e-09,7.426e-12
7,DSIGMA_DP,2,SIGY0,0.0000000000e+00,0.0000000000e+00,0.000e+00,0.000e+00
7,DSIGMA_DP,2,H,0.0000000000e+00,0.0000000000e+00,0.000e+00,0.000e+00
7,DSIGMA_DP,3,E,6.0576923077e-04,6.0576923083e-04,6.077e-14,6.077e-14
7,DSIGMA_DP,3,NU,9.1642011834e+02,9.1642011835e+02,6.805e-09,7.426e-12
7,DSIGMA_DP,3,SIGY0,0.0000000000e+00,0.0000000000e+00,0.000e+00,0.000e+00
7,DSIGMA_DP,3,H,0.0000000000e+00,0.0000000000e+00,0.000e+00,0.000e+00
7,DSIGMA_DP,4,E,0.0000000000e+00,0.0000000000e+00,0.000e+00,0.000e+00
7,DSIGMA_DP,4,NU,0.0000000000e+00,0.0000000000e+00,0.000e+00,0.000e+00
7,DSIGMA_DP,4,SIGY0,0.0000000000e+00,0.0000000000e+00,0.000e+00,0.000e+00
7,DSIGMA_DP,4,H,0.0000000000e+00,0.0000000000e+00,0.000e+00,0.000e+00
7,DSIGMA_DP,5,E,0.0000000000e+00,0.0000000000e+00,0.000e+00,0.000e+00
7,DSIGMA_DP,5,NU,0.0000000000e+00,0.0000000000e+00,0.000e+00,0.000e+00
7,DSIGMA_DP,5,SIGY0,0.0000000000e+00,0.0000000000e+00,0.000e+00,0.000e+00
7,DSIGMA_DP,5,H,0.0000000000e+00,0.0000000000e+00,0.000e+00,0.000e+00
7,DSIGMA_DP,6,E,0.0000000000e+00,0.0000000000e+00,0.000e+00,0.000e+00
7,DSIGMA_DP,6,NU,0.0000000000e+00,0.0000000000e+00,0.000e+00,0.000e+00
7,DSIGMA_DP,6,SIGY0,0.0000000000e+00,0.0000000000e+00,0.000e+00,0.000e+00
7,DSIGMA_DP,6,H,0.0000000000e+00,0.0000000000e+00,0.000e+00,0.000e+00
8,DSIGMA_DP,1,E,1.6153846154e-03,1.6153846154e-03,1.538e-14,1.538e-14
8,DSIGMA_DP,1,NU,9.0532544379e+02,9.0532544380e+02,1.302e-08,1.438e-11
8,DSIGMA_DP,1,SIGY0,0.0000000000e+00,0.0000000000e+00,0.000e+00,0.000e+00
8,DSIGMA_DP,1,H,0.0000000000e+00,0.0000000000e+00,0.000e+00,0.000e+00
8,DSIGMA_DP,2,E,6.9230769231e-04,6.9230769242e-04,1.123e-13,1.123e-13
8,DSIGMA_DP,2,NU,1.0473372781e+03,1.0473372781e+03,6.508e-09,6.214e-12
8,DSIGMA_DP,2,SIGY0,0.0000000000e+00,0.0000000000e+00,0.000e+00,0.000e+00
8,DSIGMA_DP,2,H,0.0000000000e+00,0.0000000000e+00,0.000e+00,0.000e+00
8,DSIGMA_DP,3,E,6.9230769231e-04,6.9230769242e-04,1.123e-13,1.123e-13
8,DSIGMA_DP,3,NU,1.0473372781e+03,1.0473372781e+03,6.508e-09,6.214e-12
8,DSIGMA_DP,3,SIGY0,0.0000000000e+00,0.0000000000e+00,0.000e+00,0.000e+00
8,DSIGMA_DP,3,H,0.0000000000e+00,0.0000000000e+00,0.000e+00,0.000e+00
8,DSIGMA_DP,4,E,0.0000000000e+00,0.0000000000e+00,0.000e+00,0.000e+00
8,DSIGMA_DP,4,NU,0.0000000000e+00,0.0000000000e+00,0.000e+00,0.000e+00
8,DSIGMA_DP,4,SIGY0,0.0000000000e+00,0.0000000000e+00,0.000e+00,0.000e+00
8,DSIGMA_DP,4,H,0.0000000000e+00,0.0000000000e+00,0.000e+00,0.000e+00
8,DSIGMA_DP,5,E,0.0000000000e+00,0.0000000000e+00,0.000e+00,0.000e+00
8,DSIGMA_DP,5,NU,0.0000000000e+00,0.0000000000e+00,0.000e+00,0.000e+00
8,DSIGMA_DP,5,SIGY0,0.0000000000e+00,0.0000000000e+00,0.000e+00,0.000e+00
8,DSIGMA_DP,5,H,0.0000000000e+00,0.0000000000e+00,0.000e+00,0.000e+00
8,DSIGMA_DP,6,E,0.0000000000e+00,0.0000000000e+00,0.000e+00,0.000e+00
8,DSIGMA_DP,6,NU,0.0000000000e+00,0.0000000000e+00,0.000e+00,0.000e+00
8,DSIGMA_DP,6,SIGY0,0.0000000000e+00,0.0000000000e+00,0.000e+00,0.000e+00
8,DSIGMA_DP,6,H,0.0000000000e+00,0.0000000000e+00,0.000e+00,0.000e+00
9,DSIGMA_DP,1,E,1.8173076923e-03,1.8173076924e-03,9.231e-14,9.231e-14
9,DSIGMA_DP,1,NU,1.0184911243e+03,1.0184911243e+03,3.964e-08,3.893e-11
9,DSIGMA_DP,1,SIGY0,0.0000000000e+00,0.0000000000e+00,0.000e+00,0.000e+00
9,DSIGMA_DP,1,H,0.0000000000e+00,0.0000000000e+00,0.000e+00,0.000e+00
9,DSIGMA_DP,2,E,7.7884615385e-04,7.7884615401e-04,1.638e-13,1.638e-13
9,DSIGMA_DP,2,NU,1.1782544379e+03,1.1782544379e+03,3.018e-08,2.561e-11
9,DSIGMA_DP,2,SIGY0,0.0000000000e+00,0.0000000000e+00,0.000e+00,0.000e+00
9,DSIGMA_DP,2,H,0.0000000000e+00,0.0000000000e+00,0.000e+00,0.000e+00
9,DSIGMA_DP,3,E,7.7884615385e-04,7.7884615401e-04,1.638e-13,1.638e-13
9,DSIGMA_DP,3,NU,1.1782544379e+03,1.1782544379e+03,3.018e-08,2.561e-11
9,DSIGMA_DP,3,SIGY0,0.0000000000e+00,0.0000000000e+00,0.000e+00,0.000e+00
9,DSIGMA_DP,3,H,0.0000000000e+00,0.0000000000e+00,0.000e+00,0.000e+00
9,DSIGMA_DP,4,E,0.0000000000e+00,0.0000000000e+00,0.000e+00,0.000e+00
9,DSIGMA_DP,4,NU,0.0000000000e+00,0.0000000000e+00,0.000e+00,0.000e+00
9,DSIGMA_DP,4,SIGY0,0.0000000000e+00,0.0000000000e+00,0.000e+00,0.000e+00
9,DSIGMA_DP,4,H,0.0000000000e+00,0.0000000000e+00,0.000e+00,0.000e+00
9,DSIGMA_DP,5,E,0.0000000000e+00,0.0000000000e+00,0.000e+00,0.000e+00
9,DSIGMA_DP,5,NU,0.0000000000e+00,0.0000000000e+00,0.000e+00,0.000e+00
9,DSIGMA_DP,5,SIGY0,0.0000000000e+00,0.0000000000e+00,0.000e+00,0.000e+00
9,DSIGMA_DP,5,H,0.0000000000e+00,0.0000000000e+00,0.000e+00,0.000e+00
9,DSIGMA_DP,6,E,0.0000000000e+00,0.0000000000e+00,0.000e+00,0.000e+00
9,DSIGMA_DP,6,NU,0.0000000000e+00,0.0000000000e+00,0.000e+00,0.000e+00
9,DSIGMA_DP,6,SIGY0,0.0000000000e+00,0.0000000000e+00,0.000e+00,0.000e+00
9,DSIGMA_DP,6,H,0.0000000000e+00,0.0000000000e+00,0.000e+00,0.000e+00
10,DSIGMA_DP,1,E,2.0192307692e-03,2.0192307694e-03,1.692e-13,1.692e-13
10,DSIGMA_DP,1,NU,1.1316568047e+03,1.1316568047e+03,3.373e-08,2.980e-11
10,DSIGMA_DP,1,SIGY0,0.0000000000e+00,0.0000000000e+00,0.000e+00,0.000e+00
10,DSIGMA_DP,1,H,0.0000000000e+00,0.0000000000e+00,0.000e+00,0.000e+00
10,DSIGMA_DP,2,E,8.6538461538e-04,8.6538461559e-04,2.054e-13,2.054e-13
10,DSIGMA_DP,2,NU,1.3091715976e+03,1.3091715976e+03,3.313e-08,2.531e-11
10,DSIGMA_DP,2,SIGY0,0.0000000000e+00,0.0000000000e+00,0.000e+00,0.000e+00
10,DSIGMA_DP,2,H,0.0000000000e+00,0.0000000000e+00,0.000e+00,0.000e+00
10,DSIGMA_DP,3,E,8.6538461538e-04,8.6538461559e-04,2.054e-13,2.054e-13
10,DSIGMA_DP,3,NU,1.3091715976e+03,1.3091715976e+03,3.313e-08,2.531e-11
10,DSIGMA_DP,3,SIGY0,0.0000000000e+00,0.0000000000e+00,0.000e+00,0.000e+00
10,DSIGMA_DP,3,H,0.0000000000e+00,0.0000000000e+00,0.000e+00,0.000e+00
10,DSIGMA_DP,4,E,0.0000000000e+00,0.0000000000e+00,0.000e+00,0.000e+00
10,DSIGMA_DP,4,NU,0.0000000000e+00,0.0000000000e+00,0.000e+00,0.000e+00
10,DSIGMA_DP,4,SIGY0,0.0000000000e+00,0.0000000000e+00,0.000e+00,0.000e+00
10,DSIGMA_DP,4,H,0.0000000000e+00,0.0000000000e+00,0.000e+00,0.000e+00
10,DSIGMA_DP,5,E,0.0000000000e+00,0.0000000000e+00,0.000e+00,0.000e+00
10,DSIGMA_DP,5,NU,0.0000000000e+00,0.0000000000e+00,0.000e+00,0.000e+00
10,DSIGMA_DP,5,SIGY0,0.0000000000e+00,0.0000000000e+00,0.000e+00,0.000e+00
10,DSIGMA_DP,5,H,0.0000000000e+00,0.0000000000e+00,0.000e+00,0.000e+00
10,DSIGMA_DP,6,E,0.0000000000e+00,0.0000000000e+00,0.000e+00,0.000e+00
10,DSIGMA_DP,6,NU,0.0000000000e+00,0.0000000000e+00,0.000e+00,0.000e+00
10,DSIGMA_DP,6,SIGY0,0.0000000000e+00,0.0000000000e+00,0.000e+00,0.000e+00
10,DSIGMA_DP,6,H,0.0000000000e+00,0.0000000000e+00,0.000e+00,0.000e+00
11,DSIGMA_DP,1,E,1.3821611139e-03,1.3821611142e-03,2.761e-13,2.761e-13
11,DSIGMA_DP,1,NU,1.3738982902e+03,1.3738982901e+03,6.556e-08,4.772e-11
11,DSIGMA_DP,1,SIGY0,6.6093853272e-01,6.6093853263e-01,8.646e-11,8.646e-11
11,DSIGMA_DP,1,H,1.0920993601e-05,1.0920999216e-05,5.615e-12,5.615e-12
11,DSIGMA_DP,2,E,1.3714194430e-03,1.3714194433e-03,2.619e-13,2.619e-13
11,DSIGMA_DP,2,NU,1.3755508549e+03,1.3755508549e+03,1.722e-08,1.252e-11
11,DSIGMA_DP,2,SIGY0,-3.3046926636e-01,-3.3046926632e-01,3.823e-11,3.823e-11
11,DSIGMA_DP,2,H,-5.4604968004e-06,-5.4604996080e-06,2.808e-12,2.808e-12
11,DSIGMA_DP,3,E,1.3714194430e-03,1.3714194433e-03,2.619e-13,2.619e-13
11,DSIGMA_DP,3,NU,1.3755508549e+03,1.3755508549e+03,1.722e-08,1.252e-11
11,DSIGMA_DP,3,SIGY0,-3.3046926636e-01,-3.3046926632e-01,3.823e-11,3.823e-11
11,DSIGMA_DP,3,H,-5.4604968004e-06,-5.4604996080e-06,2.808e-12,2.808e-12
11,DSIGMA_DP,4,E,0.0000000000e+00,0.0000000000e+00,0.000e+00,0.000e+00
11,DSIGMA_DP,4,NU,0.0000000000e+00,0.0000000000e+00,0.000e+00,0.000e+00
11,DSIGMA_DP,4,SIGY0,0.0000000000e+00,0.0000000000e+00,0.000e+00,0.000e+00
11,DSIGMA_DP,4,H,0.0000000000e+00,0.0000000000e+00,0.000e+00,0.000e+00
11,DSIGMA_DP,5,E,0.0000000000e+00,0.0000000000e+00,0.000e+00,0.000e+00
11,DSIGMA_DP,5,NU,0.0000000000e+00,0.0000000000e+00,0.000e+00,0.000e+00
11,DSIGMA_DP,5,SIGY0,0.0000000000e+00,0.0000000000e+00,0.000e+00,0.000e+00
11,DSIGMA_DP,5,H,0.0000000000e+00,0.0000000000e+00,0.000e+00,0.000e+00
11,DSIGMA_DP,6,E,0.0000000000e+00,0.0000000000e+00,0.000e+00,0.000e+00
11,DSIGMA_DP,6,NU,0.0000000000e+00,0.0000000000e+00,0.000e+00,0.000e+00
11,DSIGMA_DP,6,SIGY0,0.0000000000e+00,0.0000000000e+00,0.000e+00,0.000e+00
11,DSIGMA_DP,6,H,0.0000000000e+00,0.0000000000e+00,0.000e+00,0.000e+00
12,DSIGMA_DP,1,E,1.5071667928e-03,1.5071667931e-03,2.595e-13,2.595e-13
12,DSIGMA_DP,1,NU,1.4988974165e+03,1.4988974164e+03,8.607e-08,5.742e-11
12,DSIGMA_DP,1,SIGY0,6.6093853272e-01,6.6093853275e-01,3.354e-11,3.354e-11
12,DSIGMA_DP,1,H,7.6446955205e-05,7.6446966091e-05,1.089e-11,1.089e-11
12,DSIGMA_DP,2,E,1.4964166036e-03,1.4964166039e-03,3.203e-13,3.203e-13
12,DSIGMA_DP,2,NU,1.5005512918e+03,1.5005512917e+03,5.696e-08,3.796e-11
12,DSIGMA_DP,2,SIGY0,-3.3046926636e-01,-3.3046926637e-01,1.177e-11,1.177e-11
12,DSIGMA_DP,2,H,-3.8223477603e-05,-3.8223483045e-05,5.442e-12,5.442e-12
12,DSIGMA_DP,3,E,1.4964166036e-03,1.4964166039e-03,3.203e-13,3.203e-13
12,DSIGMA_DP,3,NU,1.5005512918e+03,1.5005512917e+03,5.696e-08,3.796e-11
12,DSIGMA_DP,3,SIGY0,-3.3046926636e-01,-3.3046926637e-01,1.177e-11,1.177e-11
12,DSIGMA_DP,3,H,-3.8223477603e-05,-3.8223483045e-05,5.442e-12,5.442e-12
12,DSIGMA_DP,4,E,0.0000000000e+00,0.0000000000e+00,0.000e+00,0.000e+00
12,DSIGMA_DP,4,NU,0.0000000000e+00,0.0000000000e+00,0.000e+00,0.000e+00
12,DSIGMA_DP,4,SIGY0,0.0000000000e+00,0.0000000000e+00,0.000e+00,0.000e+00
12,DSIGMA_DP,4,H,0.0000000000e+00,0.0000000000e+00,0.000e+00,0.000e+00
12,DSIGMA_DP,5,E,0.0000000000e+00,0.0000000000e+00,0.000e+00,0.000e+00
12,DSIGMA_DP,5,NU,0.0000000000e+00,0.0000000000e+00,0.000e+00,0.000e+00
12,DSIGMA_DP,5,SIGY0,0.0000000000e+00,0.0000000000e+00,0.000e+00,0.000e+00
12,DSIGMA_DP,5,H,0.0000000000e+00,0.0000000000e+00,0.000e+00,0.000e+00
12,DSIGMA_DP,6,E,0.0000000000e+00,0.0000000000e+00,0.000e+00,0.000e+00
12,DSIGMA_DP,6,NU,0.0000000000e+00,0.0000000000e+00,0.000e+00,0.000e+00
12,DSIGMA_DP,6,SIGY0,0.0000000000e+00,0.0000000000e+00,0.000e+00,0.000e+00
12,DSIGMA_DP,6,H,0.0000000000e+00,0.0000000000e+00,0.000e+00,0.000e+00
13,DSIGMA_DP,1,E,1.6321724718e-03,1.6321724722e-03,4.428e-13,4.428e-13
13,DSIGMA_DP,1,NU,1.6238965428e+03,1.6238965428e+03,6.581e-09,4.053e-12
13,DSIGMA_DP,1,SIGY0,6.6093853272e-01,6.6093853275e-01,3.354e-11,3.354e-11
13,DSIGMA_DP,1,H,1.4197291681e-04,1.4197291875e-04,1.940e-12,1.940e-12
13,DSIGMA_DP,2,E,1.6214137641e-03,1.6214137645e-03,3.786e-13,3.786e-13
13,DSIGMA_DP,2,NU,1.6255517286e+03,1.6255517285e+03,9.671e-08,5.949e-11
13,DSIGMA_DP,2,SIGY0,-3.3046926636e-01,-3.3046926637e-01,1.177e-11,1.177e-11
13,DSIGMA_DP,2,H,-7.0986458405e-05,-7.0986459377e-05,9.722e-13,9.722e-13
13,DSIGMA_DP,3,E,1.6214137641e-03,1.6214137645e-03,3.786e-13,3.786e-13
13,DSIGMA_DP,3,NU,1.6255517286e+03,1.6255517285e+03,9.671e-08,5.949e-11
13,DSIGMA_DP,3,SIGY0,-3.3046926636e-01,-3.3046926637e-01,1.177e-11,1.177e-11
13,DSIGMA_DP,3,H,-7.0986458405e-05,-7.0986459377e-05,9.722e-13,9.722e-13
13,DSIGMA_DP,4,E,0.0000000000e+00,0.0000000000e+00,0.000e+00,0.000e+00
13,DSIGMA_DP,4,NU,0.0000000000e+00,0.0000000000e+00,0.000e+00,0.000e+00
13,DSIGMA_DP,4,SIGY0,0.0000000000e+00,0.0000000000e+00,0.000e+00,0.000e+00
13,DSIGMA_DP,4,H,0.0000000000e+00,0.0000000000e+00,0.000e+00,0.000e+00
13,DSIGMA_DP,5,E,0.0000000000e+00,0.0000000000e+00,0.000e+00,0.000e+00
13,DSIGMA_DP,5,NU,0.0000000000e+00,0.0000000000e+00,0.000e+00,0.000e+00
13,DSIGMA_DP,5,SIGY0,0.0000000000e+00,0.0000000000e+00,0.000e+00,0.000e+00
13,DSIGMA_DP,5,H,0.0000000000e+00,0.0000000000e+00,0.000e+00,0.000e+00
13,DSIGMA_DP,6,E,0.0000000000e+00,0.0000000000e+00,0.000e+00,0.000e+00
13,DSIGMA_DP,6,NU,0.0000000000e+00,0.0000000000e+00,0.000e+00,0.000e+00
13,DSIGMA_DP,6,SIGY0,0.0000000000e+00,0.0000000000e+00,0.000e+00,0.000e+00
13,DSIGMA_DP,6,H,0.0000000000e+00,0.0000000000e+00,0.000e+00,0.000e+00
14,DSIGMA_DP,1,E,1.7571781507e-03,1.7571781510e-03,3.261e-13,3.261e-13
14,DSIGMA_DP,1,NU,1.7488956691e+03,1.7488956690e+03,1.271e-07,7.267e-11
14,DSIGMA_DP,1,SIGY0,6.6093853272e-01,6.6093853275e-01,3.354e-11,3.354e-11
14,DSIGMA_DP,1,H,2.0749887841e-04,2.0749885721e-04,2.120e-11,2.120e-11
14,DSIGMA_DP,2,E,1.7464109247e-03,1.7464109250e-03,3.369e-13,3.369e-13
14,DSIGMA_DP,2,NU,1.7505521654e+03,1.7505521654e+03,3.645e-08,2.082e-11
14,DSIGMA_DP,2,SIGY0,-3.3046926636e-01,-3.3046926637e-01,1.177e-11,1.177e-11
14,DSIGMA_DP,2,H,-1.0374943921e-04,-1.0374942860e-04,1.061e-11,1.061e-11
14,DSIGMA_DP,3,E,1.7464109247e-03,1.7464109250e-03,3.369e-13,3.369e-13
14,DSIGMA_DP,3,NU,1.7505521654e+03,1.7505521654e+03,3.645e-08,2.082e-11
14,DSIGMA_DP,3,SIGY0,-3.3046926636e-01,-3.3046926637e-01,1.177e-11,1.177e-11
14,DSIGMA_DP,3,H,-1.0374943921e-04,-1.0374942860e-04,1.061e-11,1.061e-11
14,DSIGMA_DP,4,E,0.0000000000e+00,0.0000000000e+00,0.000e+00,0.000e+00
14,DSIGMA_DP,4,NU,0.0000000000e+00,0.0000000000e+00,0.000e+00,0.000e+00
14,DSIGMA_DP,4,SIGY0,0.0000000000e+00,0.0000000000e+00,0.000e+00,0.000e+00
14,DSIGMA_DP,4,H,0.0000000000e+00,0.0000000000e+00,0.000e+00,0.000e+00
14,DSIGMA_DP,5,E,0.0000000000e+00,0.0000000000e+00,0.000e+00,0.000e+00
14,DSIGMA_DP,5,NU,0.0000000000e+00,0.0000000000e+00,0.000e+00,0.000e+00
14,DSIGMA_DP,5,SIGY0,0.0000000000e+00,0.0000000000e+00,0.000e+00,0.000e+00
14,DSIGMA_DP,5,H,0.0000000000e+00,0.0000000000e+00,0.000e+00,0.000e+00
14,DSIGMA_DP,6,E,0.0000000000e+00,0.0000000000e+00,0.000e+00,0.000e+00
14,DSIGMA_DP,6,NU,0.0000000000e+00,0.0000000000e+00,0.000e+00,0.000e+00
14,DSIGMA_DP,6,SIGY0,0.0000000000e+00,0.0000000000e+00,0.000e+00,0.000e+00
14,DSIGMA_DP,6,H,0.0000000000e+00,0.0000000000e+00,0.000e+00,0.000e+00
15,DSIGMA_DP,1,E,1.8821838296e-03,1.8821838296e-03,9.437e-15,9.437e-15
15,DSIGMA_DP,1,NU,1.8738947954e+03,1.8738947954e+03,4.760e-08,2.540e-11
15,DSIGMA_DP,1,SIGY0,6.6093853272e-01,6.6093853275e-01,3.354e-11,3.354e-11
15,DSIGMA_DP,1,H,2.7302484002e-04,2.7302485250e-04,1.248e-11,1.248e-11
15,DSIGMA_DP,2,E,1.8714080852e-03,1.8714080855e-03,2.953e-13,2.953e-13
15,DSIGMA_DP,2,NU,1.8755526023e+03,1.8755526022e+03,7.620e-08,4.063e-11
15,DSIGMA_DP,2,SIGY0,-3.3046926636e-01,-3.3046926637e-01,1.177e-11,1.177e-11
15,DSIGMA_DP,2,H,-1.3651242001e-04,-1.3651242625e-04,6.241e-12,6.241e-12
15,DSIGMA_DP,3,E,1.8714080852e-03,1.8714080855e-03,2.953e-13,2.953e-13
15,DSIGMA_DP,3,NU,1.8755526023e+03,1.8755526022e+03,7.620e-08,4.063e-11
15,DSIGMA_DP,3,SIGY0,-3.3046926636e-01,-3.3046926637e-01,1.177e-11,1.177e-11
15,DSIGMA_DP,3,H,-1.3651242001e-04,-1.3651242625e-04,6.241e-12,6.241e-12
15,DSIGMA_DP,4,E,0.0000000000e+00,0.0000000000e+00,0.000e+00,0.000e+00
15,DSIGMA_DP,4,NU,0.0000000000e+00,0.0000000000e+00,0.000e+00,0.000e+00
15,DSIGMA_DP,4,SIGY0,0.0000000000e+00,0.0000000000e+00,0.000e+00,0.000e+00
15,DSIGMA_DP,4,H,0.0000000000e+00,0.0000000000e+00,0.000e+00,0.000e+00
15,DSIGMA_DP,5,E,0.0000000000e+00,0.0000000000e+00,0.000e+00,0.000e+00
15,DSIGMA_DP,5,NU,0.0000000000e+00,0.0000000000e+00,0.000e+00,0.000e+00
15,DSIGMA_DP,5,SIGY0,0.0000000000e+00,0.0000000000e+00,0.000e+00,0.000e+00
15,DSIGMA_DP,5,H,0.0000000000e+00,0.0000000000e+00,0.000e+00,0.000e+00
15,DSIGMA_DP,6,E,0.0000000000e+00,0.0000000000e+00,0.000e+00,0.000e+00
15,DSIGMA_DP,6,NU,0.0000000000e+00,0.0000000000e+00,0.000e+00,0.000e+00
15,DSIGMA_DP,6,SIGY0,0.0000000000e+00,0.0000000000e+00,0.000e+00,0.000e+00
15,DSIGMA_DP,6,H,0.0000000000e+00,0.0000000000e+00,0.000e+00,0.000e+00
16,DSIGMA_DP,1,E,2.0071895085e-03,2.0071895088e-03,2.928e-13,2.928e-13
16,DSIGMA_DP,1,NU,1.9988939218e+03,1.9988939217e+03,6.812e-08,3.408e-11
16,DSIGMA_DP,1,SIGY0,6.6093853272e-01,6.6093853275e-01,3.354e-11,3.354e-11
16,DSIGMA_DP,1,H,3.3855080162e-04,3.3855081938e-04,1.776e-11,1.776e-11
16,DSIGMA_DP,2,E,1.9964052457e-03,1.9964052458e-03,5.362e-14,5.362e-14
16,DSIGMA_DP,2,NU,2.0005530391e+03,2.0005530391e+03,1.594e-08,7.968e-12
16,DSIGMA_DP,2,SIGY0,-3.3046926636e-01,-3.3046926637e-01,1.177e-11,1.177e-11
16,DSIGMA_DP,2,H,-1.6927540081e-04,-1.6927540969e-04,8.879e-12,8.879e-12
16,DSIGMA_DP,3,E,1.9964052457e-03,1.9964052458e-03,5.362e-14,5.362e-14
16,DSIGMA_DP,3,NU,2.0005530391e+03,2.0005530391e+03,1.594e-08,7.968e-12
16,DSIGMA_DP,3,SIGY0,-3.3046926636e-01,-3.3046926637e-01,1.177e-11,1.177e-11
16,DSIGMA_DP,3,H,-1.6927540081e-04,-1.6927540969e-04,8.879e-12,8.879e-12
16,DSIGMA_DP,4,E,0.0000000000e+00,0.0000000000e+00,0.000e+00,0.000e+00
16,DSIGMA_DP,4,NU,0.0000000000e+00,0.0000000000e+00,0.000e+00,0.000e+00
16,DSIGMA_DP,4,SIGY0,0.0000000000e+00,0.0000000000e+00,0.000e+00,0.000e+00
16,DSIGMA_DP,4,H,0.0000000000e+00,0.0000000000e+00,0.000e+00,0.000e+00
16,DSIGMA_DP,5,E,0.0000000000e+00,0.0000000000e+00,0.000e+00,0.000e+00
16,DSIGMA_DP,5,NU,0.0000000000e+00,0.0000000000e+00,0.000e+00,0.000e+00
16,DSIGMA_DP,5,SIGY0,0.0000000000e+00,0.0000000000e+00,0.000e+00,0.000e+00
16,DSIGMA_DP,5,H,0.0000000000e+00,0.0000000000e+00,0.000e+00,0.000e+00
16,DSIGMA_DP,6,E,0.0000000000e+00,0.0000000000e+00,0.000e+00,0.000e+00
16,DSIGMA_DP,6,NU,0.0000000000e+00,0.0000000000e+00,0.000e+00,0.000e+00
16,DSIGMA_DP,6,SIGY0,0.0000000000e+00,0.0000000000e+00,0.000e+00,0.000e+00
16,DSIGMA_DP,6,H,0.0000000000e+00,0.0000000000e+00,0.000e+00,0.000e+00
17,DSIGMA_DP,1,E,2.1321951874e-03,2.1321951877e-03,2.761e-13,2.761e-13
17,DSIGMA_DP,1,NU,2.1238930481e+03,2.1238930481e+03,1.137e-08,5.354e-12
17,DSIGMA_DP,1,SIGY0,6.6093853272e-01,6.6093853275e-01,3.354e-11,3.354e-11
17,DSIGMA_DP,1,H,4.0407676323e-04,4.0407675783e-04,5.397e-12,5.397e-12
17,DSIGMA_DP,2,E,2.1214024063e-03,2.1214024063e-03,1.195e-14,1.195e-14
17,DSIGMA_DP,2,NU,2.1255534760e+03,2.1255534759e+03,5.568e-08,2.620e-11
17,DSIGMA_DP,2,SIGY0,-3.3046926636e-01,-3.3046926637e-01,1.177e-11,1.177e-11
17,DSIGMA_DP,2,H,-2.0203838161e-04,-2.0203837892e-04,2.694e-12,2.694e-12
17,DSIGMA_DP,3,E,2.1214024063e-03,2.1214024063e-03,1.195e-14,1.195e-14
17,DSIGMA_DP,3,NU,2.1255534760e+03,2.1255534759e+03,5.568e-08,2.620e-11
17,DSIGMA_DP,3,SIGY0,-3.3046926636e-01,-3.3046926637e-01,1.177e-11,1.177e-11
17,DSIGMA_DP,3,H,-2.0203838161e-04,-2.0203837892e-04,2.694e-12,2.694e-12
17,DSIGMA_DP,4,E,0.0000000000e+00,0.0000000000e+00,0.000e+00,0.000e+00
17,DSIGMA_DP,4,NU,0.0000000000e+00,0.0000000000e+00,0.000e+00,0.000e+00
17,DSIGMA_DP,4,SIGY0,0.0000000000e+00,0.0000000000e+00,0.000e+00,0.000e+00
17,DSIGMA_DP,4,H,0.0000000000e+00,0.0000000000e+00,0.000e+00,0.000e+00
17,DSIGMA_DP,5,E,0.0000000000e+00,0.0000000000e+00,0.000e+00,0.000e+00
17,DSIGMA_DP,5,NU,0.0000000000e+00,0.0000000000e+00,0.000e+00,0.000e+00
17,DSIGMA_DP,5,SIGY0,0.0000000000e+00,0.0000000000e+00,0.000e+00,0.000e+00
17,DSIGMA_DP,5,H,0.0000000000e+00,0.0000000000e+00,0.000e+00,0.000e+00
17,DSIGMA_DP,6,E,0.0000000000e+00,0.0000000000e+00,0.000e+00,0.000e+00
17,DSIGMA_DP,6,NU,0.0000000000e+00,0.0000000000e+00,0.000e+00,0.000e+00
17,DSIGMA_DP,6,SIGY0,0.0000000000e+00,0.0000000000e+00,0.000e+00,0.000e+00
17,DSIGMA_DP,6,H,0.0000000000e+00,0.0000000000e+00,0.000e+00,0.000e+00
18,DSIGMA_DP,1,E,2.2572008663e-03,2.2572008663e-03,4.058e-14,4.058e-14
18,DSIGMA_DP,1,NU,2.2488921744e+03,2.2488921744e+03,9.141e-09,4.065e-12
18,DSIGMA_DP,1,SIGY0,6.6093853272e-01,6.6093853275e-01,3.354e-11,3.354e-11
18,DSIGMA_DP,1,H,4.6960272483e-04,4.6960272471e-04,1.216e-13,1.216e-13
18,DSIGMA_DP,2,E,2.2463995668e-03,2.2463995670e-03,1.703e-13,1.703e-13
18,DSIGMA_DP,2,NU,2.2505539128e+03,2.2505539127e+03,9.543e-08,4.240e-11
18,DSIGMA_DP,2,SIGY0,-3.3046926636e-01,-3.3046926637e-01,1.177e-11,1.177e-11
18,DSIGMA_DP,2,H,-2.3480136242e-04,-2.3480136235e-04,6.579e-14,6.579e-14
18,DSIGMA_DP,3,E,2.2463995668e-03,2.2463995670e-03,1.703e-13,1.703e-13
18,DSIGMA_DP,3,NU,2.2505539128e+03,2.2505539127e+03,9.543e-08,4.240e-11
18,DSIGMA_DP,3,SIGY0,-3.3046926636e-01,-3.3046926637e-01,1.177e-11,1.177e-11
18,DSIGMA_DP,3,H,-2.3480136242e-04,-2.3480136235e-04,6.579e-14,6.579e-14
18,DSIGMA_DP,4,E,0.0000000000e+00,0.0000000000e+00,0.000e+00,0.000e+00
18,DSIGMA_DP,4,NU,0.0000000000e+00,0.0000000000e+00,0.000e+00,0.000e+00
18,DSIGMA_DP,4,SIGY0,0.0000000000e+00,0.0000000000e+00,0.000e+00,0.000e+00
18,DSIGMA_DP,4,H,0.0000000000e+00,0.0000000000e+00,0.000e+00,0.000e+00
18,DSIGMA_DP,5,E,0.0000000000e+00,0.0000000000e+00,0.000e+00,0.000e+00
18,DSIGMA_DP,5,NU,0.0000000000e+00,0.0000000000e+00,0.000e+00,0.000e+00
18,DSIGMA_DP,5,SIGY0,0.0000000000e+00,0.0000000000e+00,0.000e+00,0.000e+00
18,DSIGMA_DP,5,H,0.0000000000e+00,0.0000000000e+00,0.000e+00,0.000e+00
18,DSIGMA_DP,6,E,0.0000000000e+00,0.0000000000e+00,0.000e+00,0.000e+00
18,DSIGMA_DP,6,NU,0.0000000000e+00,0.0000000000e+00,0.000e+00,0.000e+00
18,DSIGMA_DP,6,SIGY0,0.0000000000e+00,0.0000000000e+00,0.000e+00,0.000e+00
18,DSIGMA_DP,6,H,0.0000000000e+00,0.0000000000e+00,0.000e+00,0.000e+00
19,DSIGMA_DP,1,E,2.3822065453e-03,2.3822065452e-03,5.725e-14,5.725e-14
19,DSIGMA_DP,1,NU,2.3738913007e+03,2.3738913007e+03,2.965e-08,1.249e-11
19,DSIGMA_DP,1,SIGY0,6.6093853272e-01,6.6093853252e-01,1.965e-10,1.965e-10
19,DSIGMA_DP,1,H,5.3512868644e-04,5.3512869158e-04,5.144e-12,5.144e-12
19,DSIGMA_DP,2,E,2.3713967274e-03,2.3713967275e-03,1.286e-13,1.286e-13
19,DSIGMA_DP,2,NU,2.3755543496e+03,2.3755543496e+03,3.517e-08,1.481e-11
19,DSIGMA_DP,2,SIGY0,-3.3046926636e-01,-3.3046926626e-01,9.823e-11,9.823e-11
19,DSIGMA_DP,2,H,-2.6756434322e-04,-2.6756434579e-04,2.572e-12,2.572e-12
19,DSIGMA_DP,3,E,2.3713967274e-03,2.3713967275e-03,1.286e-13,1.286e-13
19,DSIGMA_DP,3,NU,2.3755543496e+03,2.3755543496e+03,3.517e-08,1.481e-11
19,DSIGMA_DP,3,SIGY0,-3.3046926636e-01,-3.3046926626e-01,9.823e-11,9.823e-11
19,DSIGMA_DP,3,H,-2.6756434322e-04,-2.6756434579e-04,2.572e-12,2.572e-12
19,DSIGMA_DP,4,E,0.0000000000e+00,0.0000000000e+00,0.000e+00,0.000e+00
19,DSIGMA_DP,4,NU,0.0000000000e+00,0.0000000000e+00,0.000e+00,0.000e+00
19,DSIGMA_DP,4,SIGY0,0.0000000000e+00,0.0000000000e+00,0.000e+00,0.000e+00
19,DSIGMA_DP,4,H,0.0000000000e+00,0.0000000000e+00,0.000e+00,0.000e+00
19,DSIGMA_DP,5,E,0.0000000000e+00,0.0000000000e+00,0.000e+00,0.000e+00
19,DSIGMA_DP,5,NU,0.0000000000e+00,0.0000000000e+00,0.000e+00,0.000e+00
19,DSIGMA_DP,5,SIGY0,0.0000000000e+00,0.0000000000e+00,0.000e+00,0.000e+00
19,DSIGMA_DP,5,H,0.0000000000e+00,0.0000000000e+00,0.000e+00,0.000e+00
19,DSIGMA_DP,6,E,0.0000000000e+00,0.0000000000e+00,0.000e+00,0.000e+00
19,DSIGMA_DP,6,NU,0.0000000000e+00,0.0000000000e+00,0.000e+00,0.000e+00
19,DSIGMA_DP,6,SIGY0,0.0000000000e+00,0.0000000000e+00,0.000e+00,0.000e+00
19,DSIGMA_DP,6,H,0.0000000000e+00,0.0000000000e+00,0.000e+00,0.000e+00
20,DSIGMA_DP,1,E,2.5072122242e-03,2.5072122244e-03,2.261e-13,2.261e-13
20,DSIGMA_DP,1,NU,2.4988904271e+03,2.4988904270e+03,5.016e-08,2.007e-11
20,DSIGMA_DP,1,SIGY0,6.6093853272e-01,6.6093853252e-01,1.965e-10,1.965e-10
20,DSIGMA_DP,1,H,6.0065464804e-04,6.0065465846e-04,1.042e-11,1.042e-11
20,DSIGMA_DP,2,E,2.4963938879e-03,2.4963938878e-03,1.130e-13,1.130e-13
20,DSIGMA_DP,2,NU,2.5005547865e+03,2.5005547865e+03,2.508e-08,1.003e-11
20,DSIGMA_DP,2,SIGY0,-3.3046926636e-01,-3.3046926626e-01,9.823e-11,9.823e-11
20,DSIGMA_DP,2,H,-3.0032732402e-04,-3.0032732923e-04,5.210e-12,5.210e-12
20,DSIGMA_DP,3,E,2.4963938879e-03,2.4963938878e-03,1.130e-13,1.130e-13
20,DSIGMA_DP,3,NU,2.5005547865e+03,2.5005547865e+03,2.508e-08,1.003e-11
20,DSIGMA_DP,3,SIGY0,-3.3046926636e-01,-3.3046926626e-01,9.823e-11,9.823e-11
20,DSIGMA_DP,3,H,-3.0032732402e-04,-3.0032732923e-04,5.210e-12,5.210e-12
20,DSIGMA_DP,4,E,0.0000000000e+00,0.0000000000e+00,0.000e+00,0.000e+00
20,DSIGMA_DP,4,NU,0.0000000000e+00,0.0000000000e+00,0.000e+00,0.000e+00
20,DSIGMA_DP,4,SIGY0,0.0000000000e+00,0.0000000000e+00,0.000e+00,0.000e+00
20,DSIGMA_DP,4,H,0.0000000000e+00,0.0000000000e+00,0.000e+00,0.000e+00
20,DSIGMA_DP,5,E,0.0000000000e+00,0.0000000000e+00,0.000e+00,0.000e+00
20,DSIGMA_DP,5,NU,0.0000000000e+00,0.0000000000e+00,0.000e+00,0.000e+00
20,DSIGMA_DP,5,SIGY0,0.0000000000e+00,0.0000000000e+00,0.000e+00,0.000e+00
20,DSIGMA_DP,5,H,0.0000000000e+00,0.0000000000e+00,0.000e+00,0.000e+00
20,DSIGMA_DP,6,E,0.0000000000e+00,0.0000000000e+00,0.000e+00,0.000e+00
20,DSIGMA_DP,6,NU,0.0000000000e+00,0.0000000000e+00,0.000e+00,0.000e+00
20,DSIGMA_DP,6,SIGY0,0.0000000000e+00,0.0000000000e+00,0.000e+00,0.000e+00
20,DSIGMA_DP,6,H,0.0000000000e+00,0.0000000000e+00,0.000e+00,0.000e+00
1,DSTATEV_DP,EQPLAS,E,0.0000000000e+00,0.0000000000e+00,0.000e+00,0.000e+00
1,DSTATEV_DP,EQPLAS,NU,0.0000000000e+00,0.0000000000e+00,0.000e+00,0.000e+00
1,DSTATEV_DP,EQPLAS,SIGY0,0.0000000000e+00,0.0000000000e+00,0.000e+00,0.000e+00
1,DSTATEV_DP,EQPLAS,H,0.0000000000e+00,0.0000000000e+00,0.000e+00,0.000e+00
2,DSTATEV_DP,EQPLAS,E,0.0000000000e+00,0.0000000000e+00,0.000e+00,0.000e+00
2,DSTATEV_DP,EQPLAS,NU,0.0000000000e+00,0.0000000000e+00,0.000e+00,0.000e+00
2,DSTATEV_DP,EQPLAS,SIGY0,0.0000000000e+00,0.0000000000e+00,0.000e+00,0.000e+00
2,DSTATEV_DP,EQPLAS,H,0.0000000000e+00,0.0000000000e+00,0.000e+00,0.000e+00
3,DSTATEV_DP,EQPLAS,E,0.0000000000e+00,0.0000000000e+00,0.000e+00,0.000e+00
3,DSTATEV_DP,EQPLAS,NU,0.0000000000e+00,0.0000000000e+00,0.000e+00,0.000e+00
3,DSTATEV_DP,EQPLAS,SIGY0,0.0000000000e+00,0.0000000000e+00,0.000e+00,0.000e+00
3,DSTATEV_DP,EQPLAS,H,0.0000000000e+00,0.0000000000e+00,0.000e+00,0.000e+00
4,DSTATEV_DP,EQPLAS,E,0.0000000000e+00,0.0000000000e+00,0.000e+00,0.000e+00
4,DSTATEV_DP,EQPLAS,NU,0.0000000000e+00,0.0000000000e+00,0.000e+00,0.000e+00
4,DSTATEV_DP,EQPLAS,SIGY0,0.0000000000e+00,0.0000000000e+00,0.000e+00,0.000e+00
4,DSTATEV_DP,EQPLAS,H,0.0000000000e+00,0.0000000000e+00,0.000e+00,0.000e+00
5,DSTATEV_DP,EQPLAS,E,0.0000000000e+00,0.0000000000e+00,0.000e+00,0.000e+00
5,DSTATEV_DP,EQPLAS,NU,0.0000000000e+00,0.0000000000e+00,0.000e+00,0.000e+00
5,DSTATEV_DP,EQPLAS,SIGY0,0.0000000000e+00,0.0000000000e+00,0.000e+00,0.000e+00
5,DSTATEV_DP,EQPLAS,H,0.0000000000e+00,0.0000000000e+00,0.000e+00,0.000e+00
6,DSTATEV_DP,EQPLAS,E,0.0000000000e+00,0.0000000000e+00,0.000e+00,0.000e+00
6,DSTATEV_DP,EQPLAS,NU,0.0000000000e+00,0.0000000000e+00,0.000e+00,0.000e+00
6,DSTATEV_DP,EQPLAS,SIGY0,0.0000000000e+00,0.0000000000e+00,0.000e+00,0.000e+00
6,DSTATEV_DP,EQPLAS,H,0.0000000000e+00,0.0000000000e+00,0.000e+00,0.000e+00
7,DSTATEV_DP,EQPLAS,E,0.0000000000e+00,0.0000000000e+00,0.000e+00,0.000e+00
7,DSTATEV_DP,EQPLAS,NU,0.0000000000e+00,0.0000000000e+00,0.000e+00,0.000e+00
7,DSTATEV_DP,EQPLAS,SIGY0,0.0000000000e+00,0.0000000000e+00,0.000e+00,0.000e+00
7,DSTATEV_DP,EQPLAS,H,0.0000000000e+00,0.0000000000e+00,0.000e+00,0.000e+00
8,DSTATEV_DP,EQPLAS,E,0.0000000000e+00,0.0000000000e+00,0.000e+00,0.000e+00
8,DSTATEV_DP,EQPLAS,NU,0.0000000000e+00,0.0000000000e+00,0.000e+00,0.000e+00
8,DSTATEV_DP,EQPLAS,SIGY0,0.0000000000e+00,0.0000000000e+00,0.000e+00,0.000e+00
8,DSTATEV_DP,EQPLAS,H,0.0000000000e+00,0.0000000000e+00,0.000e+00,0.000e+00
9,DSTATEV_DP,EQPLAS,E,0.0000000000e+00,0.0000000000e+00,0.000e+00,0.000e+00
9,DSTATEV_DP,EQPLAS,NU,0.0000000000e+00,0.0000000000e+00,0.000e+00,0.000e+00
9,DSTATEV_DP,EQPLAS,SIGY0,0.0000000000e+00,0.0000000000e+00,0.000e+00,0.000e+00
9,DSTATEV_DP,EQPLAS,H,0.0000000000e+00,0.0000000000e+00,0.000e+00,0.000e+00
10,DSTATEV_DP,EQPLAS,E,0.0000000000e+00,0.0000000000e+00,0.000e+00,0.000e+00
10,DSTATEV_DP,EQPLAS,NU,0.0000000000e+00,0.0000000000e+00,0.000e+00,0.000e+00
10,DSTATEV_DP,EQPLAS,SIGY0,0.0000000000e+00,0.0000000000e+00,0.000e+00,0.000e+00
10,DSTATEV_DP,EQPLAS,H,0.0000000000e+00,0.0000000000e+00,0.000e+00,0.000e+00
11,DSTATEV_DP,EQPLAS,E,5.3708354429e-09,5.3708354428e-09,1.053e-19,1.053e-19
11,DSTATEV_DP,EQPLAS,NU,-8.2628237583e-04,-8.2628237582e-04,1.158e-14,1.158e-14
11,DSTATEV_DP,EQPLAS,SIGY0,-4.2961004627e-06,-4.2961004626e-06,5.697e-17,5.697e-17
11,DSTATEV_DP,EQPLAS,H,-7.0986458405e-11,-7.0986458424e-11,1.923e-20,1.923e-20
12,DSTATEV_DP,EQPLAS,E,5.3750946304e-09,5.3750946308e-09,3.904e-19,3.904e-19
12,DSTATEV_DP,EQPLAS,NU,-8.2693763545e-04,-8.2693763544e-04,7.622e-15,7.622e-15
12,DSTATEV_DP,EQPLAS,SIGY0,-4.2961004627e-06,-4.2961004625e-06,1.570e-16,1.570e-16
12,DSTATEV_DP,EQPLAS,H,-4.9690520883e-10,-4.9690526826e-10,5.943e-17,5.943e-17
13,DSTATEV_DP,EQPLAS,E,5.3793538179e-09,5.3793538187e-09,7.862e-19,7.862e-19
13,DSTATEV_DP,EQPLAS,NU,-8.2759289506e-04,-8.2759289513e-04,6.633e-14,6.633e-14
13,DSTATEV_DP,EQPLAS,SIGY0,-4.2961004627e-06,-4.2961004623e-06,3.570e-16,3.570e-16
13,DSTATEV_DP,EQPLAS,H,-9.2282395926e-10,-9.2282405269e-10,9.343e-17,9.343e-17
14,DSTATEV_DP,EQPLAS,E,5.3836130054e-09,5.3836130058e-09,3.819e-19,3.819e-19
14,DSTATEV_DP,EQPLAS,NU,-8.2824815468e-04,-8.2824815458e-04,9.971e-14,9.971e-14
14,DSTATEV_DP,EQPLAS,SIGY0,-4.2961004627e-06,-4.2961004620e-06,6.570e-16,6.570e-16
14,DSTATEV_DP,EQPLAS,H,-1.3487427097e-09,-1.3487427185e-09,8.809e-18,8.809e-18
15,DSTATEV_DP,EQPLAS,E,5.3878721929e-09,5.3878721929e-09,2.241e-20,2.241e-20
15,DSTATEV_DP,EQPLAS,NU,-8.2890341430e-04,-8.2890341433e-04,3.425e-14,3.425e-14
15,DSTATEV_DP,EQPLAS,SIGY0,-4.2961004627e-06,-4.2961004617e-06,9.570e-16,9.570e-16
15,DSTATEV_DP,EQPLAS,H,-1.7746614601e-09,-1.7746615944e-09,1.343e-16,1.343e-16
16,DSTATEV_DP,EQPLAS,E,5.3921313804e-09,5.3921313790e-09,1.427e-18,1.427e-18
16,DSTATEV_DP,EQPLAS,NU,-8.2955867391e-04,-8.2955867387e-04,4.180e-14,4.180e-14
16,DSTATEV_DP,EQPLAS,SIGY0,-4.2961004627e-06,-4.2961004615e-06,1.157e-15,1.157e-15
16,DSTATEV_DP,EQPLAS,H,-2.2005802105e-09,-2.2005802942e-09,8.365e-17,8.365e-17
17,DSTATEV_DP,EQPLAS,E,5.3963905679e-09,5.3963905672e-09,7.310e-19,7.310e-19
17,DSTATEV_DP,EQPLAS,NU,-8.3021393353e-04,-8.3021393379e-04,2.622e-13,2.622e-13
17,DSTATEV_DP,EQPLAS,SIGY0,-4.2961004627e-06,-4.2961004613e-06,1.357e-15,1.357e-15
17,DSTATEV_DP,EQPLAS,H,-2.6264989610e-09,-2.6264989532e-09,7.777e-18,7.777e-18
18,DSTATEV_DP,EQPLAS,E,5.4006497554e-09,5.4006497557e-09,2.647e-19,2.647e-19
18,DSTATEV_DP,EQPLAS,NU,-8.3086919314e-04,-8.3086919311e-04,3.388e-14,3.388e-14
18,DSTATEV_DP,EQPLAS,SIGY0,-4.2961004627e-06,-4.2961004611e-06,1.557e-15,1.557e-15
18,DSTATEV_DP,EQPLAS,H,-3.0524177114e-09,-3.0524178020e-09,9.059e-17,9.059e-17
19,DSTATEV_DP,EQPLAS,E,5.4049089429e-09,5.4049089426e-09,3.396e-19,3.396e-19
19,DSTATEV_DP,EQPLAS,NU,-8.3152445276e-04,-8.3152445270e-04,5.993e-14,5.993e-14
19,DSTATEV_DP,EQPLAS,SIGY0,-4.2961004627e-06,-4.2961004604e-06,2.257e-15,2.257e-15
19,DSTATEV_DP,EQPLAS,H,-3.4783364618e-09,-3.4783365695e-09,1.077e-16,1.077e-16
20,DSTATEV_DP,EQPLAS,E,5.4091681304e-09,5.4091681291e-09,1.344e-18,1.344e-18
20,DSTATEV_DP,EQPLAS,NU,-8.3217971238e-04,-8.3217971224e-04,1.360e-13,1.360e-13
20,DSTATEV_DP,EQPLAS,SIGY0,-4.2961004627e-06,-4.2961004613e-06,1.357e-15,1.357e-15
20,DSTATEV_DP,EQPLAS,H,-3.9042552123e-09,-3.9042553099e-09,9.764e-17,9.764e-17
