increment,branch,stress_component,order,directions,direction_pattern,step_factor,step,fd_value,fd_value_normalized,invariant_across_stencil,oti_derivative,reference_classification
1,elastic,1,2,1|1,repeated,16.0,0.00064,-7624520.466168407,-0.0317688352757017,False,0.0,expected_zero_independently_supported
1,elastic,1,2,1|1,repeated,8.0,0.00032,9173535.773184882,0.03822306572160368,False,0.0,expected_zero_independently_supported
1,elastic,1,2,1|1,repeated,4.0,0.00016,660577.3367394387,0.002752405569747661,False,0.0,expected_zero_independently_supported
1,elastic,1,2,1|1,repeated,2.0,8e-05,-1.0699033737182617e-05,-4.4579307238260905e-14,False,0.0,expected_zero_independently_supported
1,elastic,1,2,1|1,repeated,1.0,4e-05,-1.4185905456542969e-05,-5.910793940226236e-14,False,0.0,expected_zero_independently_supported
1,elastic,1,2,1|1,repeated,0.5,2e-05,-0.00019407272338867188,-8.086363474527994e-13,False,0.0,expected_zero_independently_supported
1,elastic,1,2,1|1,repeated,0.25,1e-05,-0.00022745132446289062,-9.47713851928711e-13,False,0.0,expected_zero_independently_supported
1,elastic,1,2,1|1,repeated,0.125,5e-06,-0.0031070709228515625,-1.2946128845214843e-11,False,0.0,expected_zero_independently_supported
1,elastic,1,2,1|1,repeated,0.0625,2.5e-06,-0.003509521484375,-1.462300618489583e-11,False,0.0,expected_zero_independently_supported
1,elastic,2,2,1|1,repeated,16.0,0.00064,6123471.91857171,0.025514466327382124,False,0.0,expected_zero_independently_supported
1,elastic,2,2,1|1,repeated,8.0,0.00032,-6235566.6427436145,-0.025981527678098394,False,0.0,expected_zero_independently_supported
1,elastic,2,2,1|1,repeated,4.0,0.00016,-432981.02885560703,-0.0018040876202316959,False,0.0,expected_zero_independently_supported
1,elastic,2,2,1|1,repeated,2.0,8e-05,3.502782419673167e-08,1.4594926748638196e-16,False,0.0,expected_zero_independently_supported
1,elastic,2,2,1|1,repeated,1.0,4e-05,1.438365870853886e-07,5.993191128557857e-16,False,0.0,expected_zero_independently_supported
1,elastic,2,2,1|1,repeated,0.5,2e-05,5.157417035661638e-07,2.148923764859016e-15,False,0.0,expected_zero_independently_supported
1,elastic,2,2,1|1,repeated,0.25,1e-05,-1.52821303345263e-06,-6.367554306052625e-15,False,0.0,expected_zero_independently_supported
1,elastic,2,2,1|1,repeated,0.125,5e-06,3.453693352639675e-06,1.439038896933198e-14,False,0.0,expected_zero_independently_supported
1,elastic,2,2,1|1,repeated,0.0625,2.5e-06,-5.675945430994034e-06,-2.3649772629141808e-14,False,0.0,expected_zero_independently_supported
1,elastic,3,2,1|1,repeated,16.0,0.00064,1501049.9651289375,0.006254374854703907,False,0.0,expected_zero_independently_supported
1,elastic,3,2,1|1,repeated,8.0,0.00032,-2937971.904947503,-0.012241549603947929,False,0.0,expected_zero_independently_supported
1,elastic,3,2,1|1,repeated,4.0,0.00016,-227596.5228209144,-0.0009483188450871432,False,0.0,expected_zero_independently_supported
1,elastic,3,2,1|1,repeated,2.0,8e-05,-1.9408762454986572e-06,-8.086984356244406e-15,False,0.0,expected_zero_independently_supported
1,elastic,3,2,1|1,repeated,1.0,4e-05,-7.0035457611083984e-06,-2.9181440671284994e-14,False,0.0,expected_zero_independently_supported
1,elastic,3,2,1|1,repeated,0.5,2e-05,-2.7477741241455078e-05,-1.1449058850606282e-13,False,0.0,expected_zero_independently_supported
1,elastic,3,2,1|1,repeated,0.25,1e-05,-0.00010800361633300781,-4.500150680541992e-13,False,0.0,expected_zero_independently_supported
1,elastic,3,2,1|1,repeated,0.125,5e-06,-0.0004401206970214844,-1.833836237589518e-12,False,0.0,expected_zero_independently_supported
1,elastic,3,2,1|1,repeated,0.0625,2.5e-06,0.000194549560546875,8.106231689453125e-13,False,0.0,expected_zero_independently_supported
1,elastic,4,2,1|1,repeated,16.0,0.00064,0.0,0.0,True,0.0,expected_zero_independently_supported
1,elastic,4,2,1|1,repeated,8.0,0.00032,0.0,0.0,True,0.0,expected_zero_independently_supported
1,elastic,4,2,1|1,repeated,4.0,0.00016,0.0,0.0,True,0.0,expected_zero_independently_supported
1,elastic,4,2,1|1,repeated,2.0,8e-05,0.0,0.0,True,0.0,expected_zero_independently_supported
1,elastic,4,2,1|1,repeated,1.0,4e-05,0.0,0.0,True,0.0,expected_zero_independently_supported
1,elastic,4,2,1|1,repeated,0.5,2e-05,0.0,0.0,True,0.0,expected_zero_independently_supported
1,elastic,4,2,1|1,repeated,0.25,1e-05,0.0,0.0,True,0.0,expected_zero_independently_supported
1,elastic,4,2,1|1,repeated,0.125,5e-06,0.0,0.0,True,0.0,expected_zero_independently_supported
1,elastic,4,2,1|1,repeated,0.0625,2.5e-06,0.0,0.0,True,0.0,expected_zero_independently_supported
1,elastic,1,3,1|1|1,repeated,16.0,0.00064,-199337607387.1497,-0.8305733641131237,False,0.0,expected_zero_independently_supported
1,elastic,1,3,1|1|1,repeated,8.0,0.00032,-81800918024.34253,-0.3408371584347606,False,0.0,expected_zero_independently_supported
1,elastic,1,3,1|1|1,repeated,4.0,0.00016,-67433936459.20069,-0.28097473524666955,False,0.0,expected_zero_independently_supported
1,elastic,1,3,1|1|1,repeated,2.0,8e-05,0.041015625,1.7089843750000002e-13,False,0.0,expected_zero_independently_supported
1,elastic,1,3,1|1|1,repeated,1.0,4e-05,0.53125,2.2135416666666667e-12,False,0.0,expected_zero_independently_supported
1,elastic,1,3,1|1|1,repeated,0.5,2e-05,-15.375,-6.40625e-11,False,0.0,expected_zero_independently_supported
1,elastic,1,3,1|1|1,repeated,0.25,1e-05,27.0,1.125e-10,False,0.0,expected_zero_independently_supported
1,elastic,1,3,1|1|1,repeated,0.125,5e-06,-264.0,-1.1000000000000001e-09,False,0.0,expected_zero_independently_supported
1,elastic,1,3,1|1|1,repeated,0.0625,2.5e-06,5312.0,2.2133333333333333e-08,False,0.0,expected_zero_independently_supported
1,elastic,2,3,1|1|1,repeated,16.0,0.00064,120868140155.53009,0.5036172506480421,False,0.0,expected_zero_independently_supported
1,elastic,2,3,1|1|1,repeated,8.0,0.00032,60978171975.89145,0.2540757165662144,False,0.0,expected_zero_independently_supported
1,elastic,2,3,1|1|1,repeated,4.0,0.00016,44200146695.66968,0.18416727789862367,False,0.0,expected_zero_independently_supported
1,elastic,2,3,1|1|1,repeated,2.0,8e-05,0.06494140625,2.705891927083334e-13,False,0.0,expected_zero_independently_supported
1,elastic,2,3,1|1|1,repeated,1.0,4e-05,-0.482421875,-2.0100911458333336e-12,False,0.0,expected_zero_independently_supported
1,elastic,2,3,1|1|1,repeated,0.5,2e-05,-4.328125,-1.8033854166666667e-11,False,0.0,expected_zero_independently_supported
1,elastic,2,3,1|1|1,repeated,0.25,1e-05,41.25,1.7187500000000001e-10,False,0.0,expected_zero_independently_supported
1,elastic,2,3,1|1|1,repeated,0.125,5e-06,-62.25,-2.59375e-10,False,0.0,expected_zero_independently_supported
1,elastic,2,3,1|1|1,repeated,0.0625,2.5e-06,-2123.5,-8.847916666666667e-09,False,0.0,expected_zero_independently_supported
1,elastic,3,3,1|1|1,repeated,16.0,0.00064,78469541335.18898,0.3269564222299541,False,0.0,expected_zero_independently_supported
1,elastic,3,3,1|1|1,repeated,8.0,0.00032,20822765712.650513,0.08676152380271047,False,0.0,expected_zero_independently_supported
1,elastic,3,3,1|1|1,repeated,4.0,0.00016,23233811704.64032,0.09680754876933467,False,0.0,expected_zero_independently_supported
1,elastic,3,3,1|1|1,repeated,2.0,8e-05,0.0662841796875,2.7618408203125e-13,False,0.0,expected_zero_independently_supported
1,elastic,3,3,1|1|1,repeated,1.0,4e-05,-0.603515625,-2.5146484375000003e-12,False,0.0,expected_zero_independently_supported
1,elastic,3,3,1|1|1,repeated,0.5,2e-05,-3.09375,-1.2890625e-11,False,0.0,expected_zero_independently_supported
1,elastic,3,3,1|1|1,repeated,0.25,1e-05,38.0,1.5833333333333336e-10,False,0.0,expected_zero_independently_supported
1,elastic,3,3,1|1|1,repeated,0.125,5e-06,-54.0,-2.25e-10,False,0.0,expected_zero_independently_supported
1,elastic,3,3,1|1|1,repeated,0.0625,2.5e-06,-2288.0,-9.533333333333333e-09,False,0.0,expected_zero_independently_supported
1,elastic,4,3,1|1|1,repeated,16.0,0.00064,0.0,0.0,True,0.0,expected_zero_independently_supported
1,elastic,4,3,1|1|1,repeated,8.0,0.00032,0.0,0.0,True,0.0,expected_zero_independently_supported
1,elastic,4,3,1|1|1,repeated,4.0,0.00016,0.0,0.0,True,0.0,expected_zero_independently_supported
1,elastic,4,3,1|1|1,repeated,2.0,8e-05,0.0,0.0,True,0.0,expected_zero_independently_supported
1,elastic,4,3,1|1|1,repeated,1.0,4e-05,0.0,0.0,True,0.0,expected_zero_independently_supported
1,elastic,4,3,1|1|1,repeated,0.5,2e-05,0.0,0.0,True,0.0,expected_zero_independently_supported
1,elastic,4,3,1|1|1,repeated,0.25,1e-05,0.0,0.0,True,0.0,expected_zero_independently_supported
1,elastic,4,3,1|1|1,repeated,0.125,5e-06,0.0,0.0,True,0.0,expected_zero_independently_supported
1,elastic,4,3,1|1|1,repeated,0.0625,2.5e-06,0.0,0.0,True,0.0,expected_zero_independently_supported
1,elastic,1,4,1|1|1|1,repeated,16.0,0.00064,-518742388821122.9,-2.1614266200880126,False,0.0,expected_zero_independently_supported
1,elastic,1,4,1|1|1|1,repeated,8.0,0.00032,-1117555357702377.5,-4.65648065709324,False,0.0,expected_zero_independently_supported
1,elastic,1,4,1|1|1|1,repeated,4.0,0.00016,-421462102869896.4,-1.7560920952912353,False,0.0,expected_zero_independently_supported
1,elastic,1,4,1|1|1|1,repeated,2.0,8e-05,-328.0,-1.3666666666666668e-12,False,0.0,expected_zero_independently_supported
1,elastic,1,4,1|1|1|1,repeated,1.0,4e-05,29440.0,1.2266666666666668e-10,False,0.0,expected_zero_independently_supported
1,elastic,1,4,1|1|1|1,repeated,0.5,2e-05,475136.0,1.979733333333334e-09,False,0.0,expected_zero_independently_supported
1,elastic,1,4,1|1|1|1,repeated,0.25,1e-05,-786432.0,-3.2768000000000005e-09,False,0.0,expected_zero_independently_supported
1,elastic,1,4,1|1|1|1,repeated,0.125,5e-06,122683392.0,5.111808e-07,False,0.0,expected_zero_independently_supported
1,elastic,1,4,1|1|1|1,repeated,0.0625,2.5e-06,1677721600.0,6.990506666666668e-06,False,0.0,expected_zero_independently_supported
1,elastic,2,4,1|1|1|1,repeated,16.0,0.00064,303574831454512.9,1.2648951310604706,False,0.0,expected_zero_independently_supported
1,elastic,2,4,1|1|1|1,repeated,8.0,0.00032,766416936823719.8,3.193403903432166,False,0.0,expected_zero_independently_supported
1,elastic,2,4,1|1|1|1,repeated,4.0,0.00016,276250916847954.72,1.1510454868664783,False,0.0,expected_zero_independently_supported
1,elastic,2,4,1|1|1|1,repeated,2.0,8e-05,47.434326171875,1.9764302571614586e-13,False,0.0,expected_zero_independently_supported
1,elastic,2,4,1|1|1|1,repeated,1.0,4e-05,-1001.05078125,-4.1710449218750005e-12,False,0.0,expected_zero_independently_supported
1,elastic,2,4,1|1|1|1,repeated,0.5,2e-05,16751.1875,6.979661458333336e-11,False,0.0,expected_zero_independently_supported
1,elastic,2,4,1|1|1|1,repeated,0.25,1e-05,-12557.0,-5.232083333333334e-11,False,0.0,expected_zero_independently_supported
1,elastic,2,4,1|1|1|1,repeated,0.125,5e-06,-217296.0,-9.054000000000002e-10,False,0.0,expected_zero_independently_supported
1,elastic,2,4,1|1|1|1,repeated,0.0625,2.5e-06,5174016.0,2.1558400000000005e-08,False,0.0,expected_zero_independently_supported
1,elastic,3,4,1|1|1|1,repeated,16.0,0.00064,215167760562641.1,0.8965323356776713,False,0.0,expected_zero_independently_supported
1,elastic,3,4,1|1|1|1,repeated,8.0,0.00032,351138752480330.94,1.4630781353347124,False,0.0,expected_zero_independently_supported
1,elastic,3,4,1|1|1|1,repeated,4.0,0.00016,145211323153801.25,0.6050471798075053,False,0.0,expected_zero_independently_supported
1,elastic,3,4,1|1|1|1,repeated,2.0,8e-05,1114.0,4.641666666666668e-12,False,0.0,expected_zero_independently_supported
1,elastic,3,4,1|1|1|1,repeated,1.0,4e-05,-15808.0,-6.586666666666667e-11,False,0.0,expected_zero_independently_supported
1,elastic,3,4,1|1|1|1,repeated,0.5,2e-05,-256000.0,-1.066666666666667e-09,False,0.0,expected_zero_independently_supported
1,elastic,3,4,1|1|1|1,repeated,0.25,1e-05,-4341760.0,-1.809066666666667e-08,False,0.0,expected_zero_independently_supported
1,elastic,3,4,1|1|1|1,repeated,0.125,5e-06,68943872.0,2.8726613333333336e-07,False,0.0,expected_zero_independently_supported
1,elastic,3,4,1|1|1|1,repeated,0.0625,2.5e-06,-1115684864.0,-4.6486869333333346e-06,False,0.0,expected_zero_independently_supported
1,elastic,4,4,1|1|1|1,repeated,16.0,0.00064,0.0,0.0,True,0.0,expected_zero_independently_supported
1,elastic,4,4,1|1|1|1,repeated,8.0,0.00032,0.0,0.0,True,0.0,expected_zero_independently_supported
1,elastic,4,4,1|1|1|1,repeated,4.0,0.00016,0.0,0.0,True,0.0,expected_zero_independently_supported
1,elastic,4,4,1|1|1|1,repeated,2.0,8e-05,0.0,0.0,True,0.0,expected_zero_independently_supported
1,elastic,4,4,1|1|1|1,repeated,1.0,4e-05,0.0,0.0,True,0.0,expected_zero_independently_supported
1,elastic,4,4,1|1|1|1,repeated,0.5,2e-05,0.0,0.0,True,0.0,expected_zero_independently_supported
1,elastic,4,4,1|1|1|1,repeated,0.25,1e-05,0.0,0.0,True,0.0,expected_zero_independently_supported
1,elastic,4,4,1|1|1|1,repeated,0.125,5e-06,0.0,0.0,True,0.0,expected_zero_independently_supported
1,elastic,4,4,1|1|1|1,repeated,0.0625,2.5e-06,0.0,0.0,True,0.0,expected_zero_independently_supported
1,elastic,1,3,1|1|2,mixed,16.0,0.00064,215108061612.7726,0.8962835900532192,False,0.0,expected_zero_independently_supported
1,elastic,1,3,1|1|2,mixed,8.0,0.00032,-279841340894.6556,-1.166005587061065,False,0.0,expected_zero_independently_supported
1,elastic,1,3,1|1|2,mixed,4.0,0.00016,-24068941485.53799,-0.10028725618974163,False,0.0,expected_zero_independently_supported
1,elastic,1,3,1|1|2,mixed,2.0,8e-05,14672435.81992197,6.113514924967488e-05,False,0.0,expected_zero_independently_supported
1,elastic,1,3,1|1|2,mixed,1.0,4e-05,-0.15447044372558594,-6.43626848856608e-13,False,0.0,expected_zero_independently_supported
1,elastic,1,3,1|1|2,mixed,0.5,2e-05,4.9005584716796875,2.04189936319987e-11,False,0.0,expected_zero_independently_supported
1,elastic,1,3,1|1|2,mixed,0.25,1e-05,-14.4437255859375,-6.018218994140625e-11,False,0.0,expected_zero_independently_supported
1,elastic,1,3,1|1|2,mixed,0.125,5e-06,312.1630859375,1.3006795247395834e-09,False,0.0,expected_zero_independently_supported
1,elastic,1,3,1|1|2,mixed,0.0625,2.5e-06,1636.1015625,6.81708984375e-09,False,0.0,expected_zero_independently_supported
1,elastic,2,3,1|1|2,mixed,16.0,0.00064,-196958439822.5238,-0.8206601659271826,False,0.0,expected_zero_independently_supported
1,elastic,2,3,1|1|2,mixed,8.0,0.00032,259484796594.01505,1.0811866524750626,False,0.0,expected_zero_independently_supported
1,elastic,2,3,1|1|2,mixed,4.0,0.00016,25074793898.79273,0.10447830791163638,False,0.0,expected_zero_independently_supported
1,elastic,2,3,1|1|2,mixed,2.0,8e-05,-12411661.185872436,-5.1715254941135154e-05,False,0.0,expected_zero_independently_supported
1,elastic,2,3,1|1|2,mixed,1.0,4e-05,0.010915756225585938,4.548231760660807e-14,False,0.0,expected_zero_independently_supported
1,elastic,2,3,1|1|2,mixed,0.5,2e-05,0.34951019287109375,1.4562924702962242e-12,False,0.0,expected_zero_independently_supported
1,elastic,2,3,1|1|2,mixed,0.25,1e-05,0.28363800048828125,1.1818250020345052e-12,False,0.0,expected_zero_independently_supported
1,elastic,2,3,1|1|2,mixed,0.125,5e-06,3.9256591796875,1.6356913248697917e-11,False,0.0,expected_zero_independently_supported
1,elastic,2,3,1|1|2,mixed,0.0625,2.5e-06,8.0140380859375,3.339182535807292e-11,False,0.0,expected_zero_independently_supported
1,elastic,3,3,1|1|2,mixed,16.0,0.00064,-18149638930.05748,-0.07562349554190617,False,0.0,expected_zero_independently_supported
1,elastic,3,3,1|1|2,mixed,8.0,0.00032,20356563524.585163,0.08481901468577152,False,0.0,expected_zero_independently_supported
1,elastic,3,3,1|1|2,mixed,4.0,0.00016,-1005853363.1596018,-0.004191055679831674,False,0.0,expected_zero_independently_supported
1,elastic,3,3,1|1|2,mixed,2.0,8e-05,-2260776.72039783,-9.419903001657626e-06,False,0.0,expected_zero_independently_supported
1,elastic,3,3,1|1|2,mixed,1.0,4e-05,0.07885622978210449,3.2856762409210205e-13,False,0.0,expected_zero_independently_supported
1,elastic,3,3,1|1|2,mixed,0.5,2e-05,0.4399261474609375,1.833025614420573e-12,False,0.0,expected_zero_independently_supported
1,elastic,3,3,1|1|2,mixed,0.25,1e-05,5.284759521484375,2.2019831339518232e-11,False,0.0,expected_zero_independently_supported
1,elastic,3,3,1|1|2,mixed,0.125,5e-06,-6.1298828125,-2.554117838541667e-11,False,0.0,expected_zero_independently_supported
1,elastic,3,3,1|1|2,mixed,0.0625,2.5e-06,543.94140625,2.266422526041667e-09,False,0.0,expected_zero_independently_supported
1,elastic,4,3,1|1|2,mixed,16.0,0.00064,0.0,0.0,True,0.0,expected_zero_independently_supported
1,elastic,4,3,1|1|2,mixed,8.0,0.00032,0.0,0.0,True,0.0,expected_zero_independently_supported
1,elastic,4,3,1|1|2,mixed,4.0,0.00016,0.0,0.0,True,0.0,expected_zero_independently_supported
1,elastic,4,3,1|1|2,mixed,2.0,8e-05,0.0,0.0,True,0.0,expected_zero_independently_supported
1,elastic,4,3,1|1|2,mixed,1.0,4e-05,0.0,0.0,True,0.0,expected_zero_independently_supported
1,elastic,4,3,1|1|2,mixed,0.5,2e-05,0.0,0.0,True,0.0,expected_zero_independently_supported
1,elastic,4,3,1|1|2,mixed,0.25,1e-05,0.0,0.0,True,0.0,expected_zero_independently_supported
1,elastic,4,3,1|1|2,mixed,0.125,5e-06,0.0,0.0,True,0.0,expected_zero_independently_supported
1,elastic,4,3,1|1|2,mixed,0.0625,2.5e-06,0.0,0.0,True,0.0,expected_zero_independently_supported
1,elastic,1,4,1|1|2|2,mixed,16.0,0.00064,-532608309240912.1,-2.2192012885038013,False,0.0,expected_zero_independently_supported
1,elastic,1,4,1|1|2|2,mixed,8.0,0.00032,744773031192154.4,3.1032209633006436,False,0.0,expected_zero_independently_supported
1,elastic,1,4,1|1|2|2,mixed,4.0,0.00016,-98478701398376.45,-0.4103279224932353,False,0.0,expected_zero_independently_supported
1,elastic,1,4,1|1|2|2,mixed,2.0,8e-05,-91702728171.78662,-0.00038209470071577764,False,0.0,expected_zero_independently_supported
1,elastic,1,4,1|1|2|2,mixed,1.0,4e-05,-33211.546875,-1.383814453125e-10,False,0.0,expected_zero_independently_supported
1,elastic,1,4,1|1|2|2,mixed,0.5,2e-05,-1093264.0,-4.555266666666668e-09,False,0.0,expected_zero_independently_supported
1,elastic,1,4,1|1|2|2,mixed,0.25,1e-05,-16821256.0,-7.008856666666668e-08,False,0.0,expected_zero_independently_supported
1,elastic,1,4,1|1|2|2,mixed,0.125,5e-06,242133120.0,1.008888e-06,False,0.0,expected_zero_independently_supported
1,elastic,1,4,1|1|2|2,mixed,0.0625,2.5e-06,-5050990592.0,-2.1045794133333338e-05,False,0.0,expected_zero_independently_supported
1,elastic,2,4,1|1|2|2,mixed,16.0,0.00064,532734535567554.75,2.2197272315314787,False,0.0,expected_zero_independently_supported
1,elastic,2,4,1|1|2|2,mixed,8.0,0.00032,-754904078493904.6,-3.14543366039127,False,0.0,expected_zero_independently_supported
1,elastic,2,4,1|1|2|2,mixed,4.0,0.00016,42445538947547.234,0.17685641228144683,False,0.0,expected_zero_independently_supported
1,elastic,2,4,1|1|2|2,mixed,2.0,8e-05,77572882580.04333,0.00032322034408351395,False,0.0,expected_zero_independently_supported
1,elastic,2,4,1|1|2|2,mixed,1.0,4e-05,2114.158203125,8.808992513020836e-12,False,0.0,expected_zero_independently_supported
1,elastic,2,4,1|1|2|2,mixed,0.5,2e-05,11877.28125,4.948867187500001e-11,False,0.0,expected_zero_independently_supported
1,elastic,2,4,1|1|2|2,mixed,0.25,1e-05,-88854.5,-3.702270833333334e-10,False,0.0,expected_zero_independently_supported
1,elastic,2,4,1|1|2|2,mixed,0.125,5e-06,-1394856.0,-5.811900000000001e-09,False,0.0,expected_zero_independently_supported
1,elastic,2,4,1|1|2|2,mixed,0.0625,2.5e-06,-3603952.0,-1.5016466666666668e-08,False,0.0,expected_zero_independently_supported
1,elastic,3,4,1|1|2|2,mixed,16.0,0.00064,-126226445846.05237,-0.0005259435243585517,False,0.0,expected_zero_independently_supported
1,elastic,3,4,1|1|2|2,mixed,8.0,0.00032,10131056869127.295,0.04221273695469707,False,0.0,expected_zero_independently_supported
1,elastic,3,4,1|1|2|2,mixed,4.0,0.00016,56033215366138.94,0.2334717306922456,False,0.0,expected_zero_independently_supported
1,elastic,3,4,1|1|2|2,mixed,2.0,8e-05,14129854609.638916,5.887439420682883e-05,False,0.0,expected_zero_independently_supported
1,elastic,3,4,1|1|2|2,mixed,1.0,4e-05,-1983.1953125,-8.263313802083334e-12,False,0.0,expected_zero_independently_supported
1,elastic,3,4,1|1|2|2,mixed,0.5,2e-05,226377.0,9.432375000000002e-10,False,0.0,expected_zero_independently_supported
1,elastic,3,4,1|1|2|2,mixed,0.25,1e-05,-282192.0,-1.1758000000000002e-09,False,0.0,expected_zero_independently_supported
1,elastic,3,4,1|1|2|2,mixed,0.125,5e-06,-42698976.0,-1.7791240000000003e-07,False,0.0,expected_zero_independently_supported
1,elastic,3,4,1|1|2|2,mixed,0.0625,2.5e-06,973549568.0,4.056456533333334e-06,False,0.0,expected_zero_independently_supported
1,elastic,4,4,1|1|2|2,mixed,16.0,0.00064,0.0,0.0,True,0.0,expected_zero_independently_supported
1,elastic,4,4,1|1|2|2,mixed,8.0,0.00032,0.0,0.0,True,0.0,expected_zero_independently_supported
1,elastic,4,4,1|1|2|2,mixed,4.0,0.00016,0.0,0.0,True,0.0,expected_zero_independently_supported
1,elastic,4,4,1|1|2|2,mixed,2.0,8e-05,0.0,0.0,True,0.0,expected_zero_independently_supported
1,elastic,4,4,1|1|2|2,mixed,1.0,4e-05,0.0,0.0,True,0.0,expected_zero_independently_supported
1,elastic,4,4,1|1|2|2,mixed,0.5,2e-05,0.0,0.0,True,0.0,expected_zero_independently_supported
1,elastic,4,4,1|1|2|2,mixed,0.25,1e-05,0.0,0.0,True,0.0,expected_zero_independently_supported
1,elastic,4,4,1|1|2|2,mixed,0.125,5e-06,0.0,0.0,True,0.0,expected_zero_independently_supported
1,elastic,4,4,1|1|2|2,mixed,0.0625,2.5e-06,0.0,0.0,True,0.0,expected_zero_independently_supported
1,elastic,1,2,1|2,mixed,16.0,0.00064,42688359.118342355,0.17786816299309313,False,0.0,expected_zero_independently_supported
1,elastic,1,2,1|2,mixed,8.0,0.00032,-47505840.19396298,-0.19794100080817906,False,0.0,expected_zero_independently_supported
1,elastic,1,2,1|2,mixed,4.0,0.00016,-2667389.789511396,-0.011114124122964149,False,0.0,expected_zero_independently_supported
1,elastic,1,2,1|2,mixed,2.0,8e-05,2347.58972685528,9.781623861896999e-06,False,0.0,expected_zero_independently_supported
1,elastic,1,2,1|2,mixed,1.0,4e-05,2.4774344637989998e-06,1.0322643599162497e-14,False,0.0,expected_zero_independently_supported
1,elastic,1,2,1|2,mixed,0.5,2e-05,2.0497478544712067e-05,8.540616060296694e-14,False,0.0,expected_zero_independently_supported
1,elastic,1,2,1|2,mixed,0.25,1e-05,0.00016284361481666565,6.785150617361068e-13,False,0.0,expected_zero_independently_supported
1,elastic,1,2,1|2,mixed,0.125,5e-06,2.898275852203369e-05,1.2076149384180704e-13,False,0.0,expected_zero_independently_supported
1,elastic,1,2,1|2,mixed,0.0625,2.5e-06,-0.0039176344871521,-1.6323477029800415e-11,False,0.0,expected_zero_independently_supported
1,elastic,2,2,1|2,mixed,16.0,0.00064,-33992595.32996,-0.14163581387483334,False,0.0,expected_zero_independently_supported
1,elastic,2,2,1|2,mixed,8.0,0.00032,39097866.702713914,0.16290777792797465,False,0.0,expected_zero_independently_supported
1,elastic,2,2,1|2,mixed,4.0,0.00016,2769607.966157322,0.011540033192322174,False,0.0,expected_zero_independently_supported
1,elastic,2,2,1|2,mixed,2.0,8e-05,-1985.8657924992876,-8.274440802080364e-06,False,0.0,expected_zero_independently_supported
1,elastic,2,2,1|2,mixed,1.0,4e-05,-4.2980536818504333e-07,-1.7908557007710138e-15,False,0.0,expected_zero_independently_supported
1,elastic,2,2,1|2,mixed,0.5,2e-05,-1.2954697012901306e-06,-5.397790422042211e-15,False,0.0,expected_zero_independently_supported
1,elastic,2,2,1|2,mixed,0.25,1e-05,3.666616976261139e-06,1.527757073442141e-14,False,0.0,expected_zero_independently_supported
1,elastic,2,2,1|2,mixed,0.125,5e-06,-7.273629307746887e-06,-3.030678878227869e-14,False,0.0,expected_zero_independently_supported
1,elastic,2,2,1|2,mixed,0.0625,2.5e-06,1.8540769815444946e-05,7.725320756435394e-14,False,0.0,expected_zero_independently_supported
1,elastic,3,2,1|2,mixed,16.0,0.00064,-8695772.000329647,-0.036232383334706866,False,0.0,expected_zero_independently_supported
1,elastic,3,2,1|2,mixed,8.0,0.00032,8407981.43141823,0.03503325596424263,False,0.0,expected_zero_independently_supported
1,elastic,3,2,1|2,mixed,4.0,0.00016,-102218.27317623608,-0.00042590947156765036,False,0.0,expected_zero_independently_supported
1,elastic,3,2,1|2,mixed,2.0,8e-05,-361.72427323667944,-1.5071844718194976e-06,False,0.0,expected_zero_independently_supported
1,elastic,3,2,1|2,mixed,1.0,4e-05,1.9682920537889004e-07,8.201216890787085e-16,False,0.0,expected_zero_independently_supported
1,elastic,3,2,1|2,mixed,0.5,2e-05,2.604210749268532e-07,1.0850878121952215e-15,False,0.0,expected_zero_independently_supported
1,elastic,3,2,1|2,mixed,0.25,1e-05,1.4156103134155273e-06,5.89837630589803e-15,False,0.0,expected_zero_independently_supported
1,elastic,3,2,1|2,mixed,0.125,5e-06,1.4096498489379883e-05,5.873541037241618e-14,False,0.0,expected_zero_independently_supported
1,elastic,3,2,1|2,mixed,0.0625,2.5e-06,-1.52587890625e-05,-6.357828776041667e-14,False,0.0,expected_zero_independently_supported
1,elastic,4,2,1|2,mixed,16.0,0.00064,0.0,0.0,True,0.0,expected_zero_independently_supported
1,elastic,4,2,1|2,mixed,8.0,0.00032,0.0,0.0,True,0.0,expected_zero_independently_supported
1,elastic,4,2,1|2,mixed,4.0,0.00016,0.0,0.0,True,0.0,expected_zero_independently_supported
1,elastic,4,2,1|2,mixed,2.0,8e-05,0.0,0.0,True,0.0,expected_zero_independently_supported
1,elastic,4,2,1|2,mixed,1.0,4e-05,0.0,0.0,True,0.0,expected_zero_independently_supported
1,elastic,4,2,1|2,mixed,0.5,2e-05,0.0,0.0,True,0.0,expected_zero_independently_supported
1,elastic,4,2,1|2,mixed,0.25,1e-05,0.0,0.0,True,0.0,expected_zero_independently_supported
1,elastic,4,2,1|2,mixed,0.125,5e-06,0.0,0.0,True,0.0,expected_zero_independently_supported
1,elastic,4,2,1|2,mixed,0.0625,2.5e-06,0.0,0.0,True,0.0,expected_zero_independently_supported
2,plastic,1,2,1|1,repeated,16.0,0.00064,-11990004.826194406,-0.049958353442476684,False,-12855424.458926119,resolved
2,plastic,1,2,1|1,repeated,8.0,0.00032,-9949642.758170811,-0.04145684482571171,False,-12855424.458926119,resolved
2,plastic,1,2,1|1,repeated,4.0,0.00016,-12532071.090676216,-0.05221696287781756,False,-12855424.458926119,resolved
2,plastic,1,2,1|1,repeated,2.0,8e-05,-12855416.43605008,-0.05356423515020867,False,-12855424.458926119,resolved
2,plastic,1,2,1|1,repeated,1.0,4e-05,-12855416.442020178,-0.05356423517508407,False,-12855424.458926119,resolved
2,plastic,1,2,1|1,repeated,0.5,2e-05,-12855416.442137957,-0.05356423517557482,False,-12855424.458926119,resolved
2,plastic,1,2,1|1,repeated,0.25,1e-05,-12855416.442388535,-0.053564235176618895,False,-12855424.458926119,resolved
2,plastic,1,2,1|1,repeated,0.125,5e-06,-12855416.446678162,-0.05356423519449234,False,-12855424.458926119,resolved
2,plastic,1,2,1|1,repeated,0.0625,2.5e-06,-12855416.433624268,-0.05356423514010111,False,-12855424.458926119,resolved
2,plastic,2,2,1|1,repeated,16.0,0.00064,-17753426.6565256,-0.07397261106885668,False,-12612394.601919468,resolved
2,plastic,2,2,1|1,repeated,8.0,0.00032,-14684596.444361988,-0.06118581851817495,False,-12612394.601919468,resolved
2,plastic,2,2,1|1,repeated,4.0,0.00016,-12927804.484732922,-0.05386585201972051,False,-12612394.601919468,resolved
2,plastic,2,2,1|1,repeated,2.0,8e-05,-12612386.62148179,-0.05255161092284079,False,-12612394.601919468,resolved
2,plastic,2,2,1|1,repeated,1.0,4e-05,-12612386.585172221,-0.05255161077155092,False,-12612394.601919468,resolved
2,plastic,2,2,1|1,repeated,0.5,2e-05,-12612386.585050449,-0.05255161077104353,False,-12612394.601919468,resolved
2,plastic,2,2,1|1,repeated,0.25,1e-05,-12612386.586024642,-0.05255161077510267,False,-12612394.601919468,resolved
2,plastic,2,2,1|1,repeated,0.125,5e-06,-12612386.584575832,-0.05255161076906597,False,-12612394.601919468,resolved
2,plastic,2,2,1|1,repeated,0.0625,2.5e-06,-12612386.597465873,-0.052551610822774465,False,-12612394.601919468,resolved
2,plastic,3,2,1|1,repeated,16.0,0.00064,29743459.571280282,0.12393108154700117,False,25467819.060845606,resolved
2,plastic,3,2,1|1,repeated,8.0,0.00032,24634262.466164738,0.1026427602756864,False,25467819.060845606,resolved
2,plastic,3,2,1|1,repeated,4.0,0.00016,25459899.618730914,0.10608291507804547,False,25467819.060845606,resolved
2,plastic,3,2,1|1,repeated,2.0,8e-05,25467827.108330317,0.10611594628470965,False,25467819.060845606,resolved
2,plastic,3,2,1|1,repeated,1.0,4e-05,25467827.07784334,0.10611594615768058,False,25467819.060845606,resolved
2,plastic,3,2,1|1,repeated,0.5,2e-05,25467827.077530205,0.10611594615637585,False,25467819.060845606,resolved
2,plastic,3,2,1|1,repeated,0.25,1e-05,25467827.076986313,0.10611594615410963,False,25467819.060845606,resolved
2,plastic,3,2,1|1,repeated,0.125,5e-06,25467827.075386047,0.10611594614744187,False,25467819.060845606,resolved
2,plastic,3,2,1|1,repeated,0.0625,2.5e-06,25467827.073612213,0.10611594614005089,False,25467819.060845606,resolved
2,plastic,4,2,1|1,repeated,16.0,0.00064,0.0,0.0,True,0.0,expected_zero_independently_supported
2,plastic,4,2,1|1,repeated,8.0,0.00032,0.0,0.0,True,0.0,expected_zero_independently_supported
2,plastic,4,2,1|1,repeated,4.0,0.00016,0.0,0.0,True,0.0,expected_zero_independently_supported
2,plastic,4,2,1|1,repeated,2.0,8e-05,0.0,0.0,True,0.0,expected_zero_independently_supported
2,plastic,4,2,1|1,repeated,1.0,4e-05,0.0,0.0,True,0.0,expected_zero_independently_supported
2,plastic,4,2,1|1,repeated,0.5,2e-05,0.0,0.0,True,0.0,expected_zero_independently_supported
2,plastic,4,2,1|1,repeated,0.25,1e-05,0.0,0.0,True,0.0,expected_zero_independently_supported
2,plastic,4,2,1|1,repeated,0.125,5e-06,0.0,0.0,True,0.0,expected_zero_independently_supported
2,plastic,4,2,1|1,repeated,0.0625,2.5e-06,0.0,0.0,True,0.0,expected_zero_independently_supported
2,plastic,1,3,1|1|1,repeated,16.0,0.00064,177920441212.68448,0.7413351717195187,False,23117322791.128086,resolved
2,plastic,1,3,1|1|1,repeated,8.0,0.00032,5279716836.050476,0.02199882015021032,False,23117322791.128086,resolved
2,plastic,1,3,1|1|1,repeated,4.0,0.00016,56127082509.390015,0.23386284378912509,False,23117322791.128086,resolved
2,plastic,1,3,1|1|1,repeated,2.0,8e-05,23117340203.453125,0.09632225084772135,False,23117322791.128086,resolved
2,plastic,1,3,1|1|1,repeated,1.0,4e-05,23117312423.609375,0.09632213509837241,False,23117322791.128086,resolved
2,plastic,1,3,1|1|1,repeated,0.5,2e-05,23117311951.625,0.09632213313177083,False,23117322791.128086,resolved
2,plastic,1,3,1|1|1,repeated,0.25,1e-05,23117312255.0,0.09632213439583334,False,23117322791.128086,resolved
2,plastic,1,3,1|1|1,repeated,0.125,5e-06,23117312280.0,0.0963221345,False,23117322791.128086,resolved
2,plastic,1,3,1|1|1,repeated,0.0625,2.5e-06,23117295744.0,0.09632206559999999,False,23117322791.128086,resolved
2,plastic,2,3,1|1|1,repeated,16.0,0.00064,-158885098420.65564,-0.6620212434193985,False,11231850962.47589,resolved
2,plastic,2,3,1|1|1,repeated,8.0,0.00032,51776175276.6297,0.21573406365262376,False,11231850962.47589,resolved
2,plastic,2,3,1|1|1,repeated,4.0,0.00016,-20969870025.125,-0.08737445843802084,False,11231850962.47589,resolved
2,plastic,2,3,1|1|1,repeated,2.0,8e-05,11231785969.859375,0.046799108207747395,False,11231850962.47589,resolved
2,plastic,2,3,1|1|1,repeated,1.0,4e-05,11231839326.658203,0.046799330527742516,False,11231850962.47589,resolved
2,plastic,2,3,1|1|1,repeated,0.5,2e-05,11231840134.460938,0.046799333893587244,False,11231850962.47589,resolved
2,plastic,2,3,1|1|1,repeated,0.25,1e-05,11231840008.15625,0.04679933336731771,False,11231850962.47589,resolved
2,plastic,2,3,1|1|1,repeated,0.125,5e-06,11231840069.875,0.04679933362447917,False,11231850962.47589,resolved
2,plastic,2,3,1|1|1,repeated,0.0625,2.5e-06,11231851267.0,0.04679938027916667,False,11231850962.47589,resolved
2,plastic,3,3,1|1|1,repeated,16.0,0.00064,-19035360768.2788,-0.07931400320116168,False,-34349173753.604004,resolved
2,plastic,3,3,1|1|1,repeated,8.0,0.00032,-57055945994.09515,-0.23773310830872982,False,-34349173753.604004,resolved
2,plastic,3,3,1|1|1,repeated,4.0,0.00016,-35157245685.347,-0.14648852368894583,False,-34349173753.604004,resolved
2,plastic,3,3,1|1|1,repeated,2.0,8e-05,-34349158611.269043,-0.14312149421362103,False,-34349173753.604004,resolved
2,plastic,3,3,1|1|1,repeated,1.0,4e-05,-34349184186.320312,-0.14312160077633465,False,-34349173753.604004,resolved
2,plastic,3,3,1|1|1,repeated,0.5,2e-05,-34349184564.75,-0.14312160235312502,False,-34349173753.604004,resolved
2,plastic,3,3,1|1|1,repeated,0.25,1e-05,-34349184608.5,-0.14312160253541667,False,-34349173753.604004,resolved
2,plastic,3,3,1|1|1,repeated,0.125,5e-06,-34349184296.0,-0.14312160123333334,False,-34349173753.604004,resolved
2,plastic,3,3,1|1|1,repeated,0.0625,2.5e-06,-34349184320.0,-0.14312160133333332,False,-34349173753.604004,resolved
2,plastic,4,3,1|1|1,repeated,16.0,0.00064,0.0,0.0,True,0.0,expected_zero_independently_supported
2,plastic,4,3,1|1|1,repeated,8.0,0.00032,0.0,0.0,True,0.0,expected_zero_independently_supported
2,plastic,4,3,1|1|1,repeated,4.0,0.00016,0.0,0.0,True,0.0,expected_zero_independently_supported
2,plastic,4,3,1|1|1,repeated,2.0,8e-05,0.0,0.0,True,0.0,expected_zero_independently_supported
2,plastic,4,3,1|1|1,repeated,1.0,4e-05,0.0,0.0,True,0.0,expected_zero_independently_supported
2,plastic,4,3,1|1|1,repeated,0.5,2e-05,0.0,0.0,True,0.0,expected_zero_independently_supported
2,plastic,4,3,1|1|1,repeated,0.25,1e-05,0.0,0.0,True,0.0,expected_zero_independently_supported
2,plastic,4,3,1|1|1,repeated,0.125,5e-06,0.0,0.0,True,0.0,expected_zero_independently_supported
2,plastic,4,3,1|1|1,repeated,0.0625,2.5e-06,0.0,0.0,True,0.0,expected_zero_independently_supported
2,plastic,1,4,1|1|1|1,repeated,16.0,0.00064,-472181487637333.94,-1.9674228651555585,False,-50061462661347.69,resolved
2,plastic,1,4,1|1|1|1,repeated,8.0,0.00032,-353586683736093.75,-1.4732778489003908,False,-50061462661347.69,resolved
2,plastic,1,4,1|1|1|1,repeated,4.0,0.00016,-256362552897590.0,-1.0681773037399585,False,-50061462661347.69,resolved
2,plastic,1,4,1|1|1|1,repeated,2.0,8e-05,-50061460556128.0,-0.2085894189838667,False,-50061462661347.69,resolved
2,plastic,1,4,1|1|1|1,repeated,1.0,4e-05,-50061444743168.0,-0.20858935309653337,False,-50061462661347.69,resolved
2,plastic,1,4,1|1|1|1,repeated,0.5,2e-05,-50061442162688.0,-0.20858934234453338,False,-50061462661347.69,resolved
2,plastic,1,4,1|1|1|1,repeated,0.25,1e-05,-50061455261696.0,-0.20858939692373338,False,-50061462661347.69,resolved
2,plastic,1,4,1|1|1|1,repeated,0.125,5e-06,-50061035700224.0,-0.20858764875093339,False,-50061462661347.69,resolved
2,plastic,1,4,1|1|1|1,repeated,0.0625,2.5e-06,-50080224641024.0,-0.20866760267093337,False,-50061462661347.69,resolved
2,plastic,2,4,1|1|1|1,repeated,16.0,0.00064,532214438115195.75,2.217560158813316,False,-7191566202831.656,resolved
2,plastic,2,4,1|1|1|1,repeated,8.0,0.00032,173637944047404.44,0.7234914335308519,False,-7191566202831.656,resolved
2,plastic,2,4,1|1|1|1,repeated,4.0,0.00016,194051922427706.06,0.8085496767821088,False,-7191566202831.656,resolved
2,plastic,2,4,1|1|1|1,repeated,2.0,8e-05,-7191450816063.0,-0.029964378400262507,False,-7191566202831.656,resolved
2,plastic,2,4,1|1|1|1,repeated,1.0,4e-05,-7191546536752.0,-0.029964777236466674,False,-7191566202831.656,resolved
2,plastic,2,4,1|1|1|1,repeated,0.5,2e-05,-7191547840256.0,-0.02996478266773334,False,-7191566202831.656,resolved
2,plastic,2,4,1|1|1|1,repeated,0.25,1e-05,-7191497822208.0,-0.029964574259200006,False,-7191566202831.656,resolved
2,plastic,2,4,1|1|1|1,repeated,0.125,5e-06,-7191804248064.0,-0.029965851033600006,False,-7191566202831.656,resolved
2,plastic,2,4,1|1|1|1,repeated,0.0625,2.5e-06,-7181025148928.0,-0.029920938120533338,False,-7191566202831.656,resolved
2,plastic,3,4,1|1|1|1,repeated,16.0,0.00064,-60033007170681.13,-0.2501375298778381,False,57253028864179.38,resolved
2,plastic,3,4,1|1|1|1,repeated,8.0,0.00032,179948909625502.94,0.7497871234395957,False,57253028864179.38,resolved
2,plastic,3,4,1|1|1|1,repeated,4.0,0.00016,62310689315141.06,0.25962787214642113,False,57253028864179.38,resolved
2,plastic,3,4,1|1|1|1,repeated,2.0,8e-05,57252965438448.0,0.23855402266020004,False,57253028864179.38,resolved
2,plastic,3,4,1|1|1|1,repeated,1.0,4e-05,57253045807232.0,0.23855435753013338,False,57253028864179.38,resolved
2,plastic,3,4,1|1|1|1,repeated,0.5,2e-05,57253048920064.0,0.2385543705002667,False,57253028864179.38,resolved
2,plastic,3,4,1|1|1|1,repeated,0.25,1e-05,57253074042880.0,0.2385544751786667,False,57253028864179.38,resolved
2,plastic,3,4,1|1|1|1,repeated,0.125,5e-06,57253053857792.0,0.23855439107413337,False,57253028864179.38,resolved
2,plastic,3,4,1|1|1|1,repeated,0.0625,2.5e-06,57256326463488.0,0.23856802693120002,False,57253028864179.38,resolved
2,plastic,4,4,1|1|1|1,repeated,16.0,0.00064,0.0,0.0,True,0.0,expected_zero_independently_supported
2,plastic,4,4,1|1|1|1,repeated,8.0,0.00032,0.0,0.0,True,0.0,expected_zero_independently_supported
2,plastic,4,4,1|1|1|1,repeated,4.0,0.00016,0.0,0.0,True,0.0,expected_zero_independently_supported
2,plastic,4,4,1|1|1|1,repeated,2.0,8e-05,0.0,0.0,True,0.0,expected_zero_independently_supported
2,plastic,4,4,1|1|1|1,repeated,1.0,4e-05,0.0,0.0,True,0.0,expected_zero_independently_supported
2,plastic,4,4,1|1|1|1,repeated,0.5,2e-05,0.0,0.0,True,0.0,expected_zero_independently_supported
2,plastic,4,4,1|1|1|1,repeated,0.25,1e-05,0.0,0.0,True,0.0,expected_zero_independently_supported
2,plastic,4,4,1|1|1|1,repeated,0.125,5e-06,0.0,0.0,True,0.0,expected_zero_independently_supported
2,plastic,4,4,1|1|1|1,repeated,0.0625,2.5e-06,0.0,0.0,True,0.0,expected_zero_independently_supported
2,plastic,1,3,1|1|2,mixed,16.0,0.00064,-163366309904.26184,-0.6806929579344243,False,11231850962.475927,resolved
2,plastic,1,3,1|1|2,mixed,8.0,0.00032,234914229452.26105,0.978809289384421,False,11231850962.475927,resolved
2,plastic,1,3,1|1|2,mixed,4.0,0.00016,32059560906.998314,0.13358150377915964,False,11231850962.475927,resolved
2,plastic,1,3,1|1|2,mixed,2.0,8e-05,11222330574.727295,0.0467597107280304,False,11231850962.475927,resolved
2,plastic,1,3,1|1|2,mixed,1.0,4e-05,11231850728.045162,0.046799378033521515,False,11231850962.475927,resolved
2,plastic,1,3,1|1|2,mixed,0.5,2e-05,11231850740.22403,0.0467993780842668,False,11231850962.475927,resolved
2,plastic,1,3,1|1|2,mixed,0.25,1e-05,11231850559.986572,0.04679937733327739,False,11231850962.475927,resolved
2,plastic,1,3,1|1|2,mixed,0.125,5e-06,11231849413.117188,0.04679937255465495,False,11231850962.475927,resolved
2,plastic,1,3,1|1|2,mixed,0.0625,2.5e-06,11231868099.0,0.046799450412500006,False,11231850962.475927,resolved
2,plastic,2,3,1|1|2,mixed,16.0,0.00064,110984671298.78941,0.46243613041162257,False,-10495028931.83077,resolved
2,plastic,2,3,1|1|2,mixed,8.0,0.00032,-169067611710.5592,-0.7044483821273301,False,-10495028931.83077,resolved
2,plastic,2,3,1|1|2,mixed,4.0,0.00016,-23287121809.88181,-0.09702967420784088,False,-10495028931.83077,resolved
2,plastic,2,3,1|1|2,mixed,2.0,8e-05,-10487862760.501488,-0.0436994281687562,False,-10495028931.83077,resolved
2,plastic,2,3,1|1|2,mixed,1.0,4e-05,-10495029159.218285,-0.04372928816340952,False,-10495028931.83077,resolved
2,plastic,2,3,1|1|2,mixed,0.5,2e-05,-10495029147.830168,-0.04372928811595903,False,-10495028931.83077,resolved
2,plastic,2,3,1|1|2,mixed,0.25,1e-05,-10495029145.381872,-0.0437292881057578,False,-10495028931.83077,resolved
2,plastic,2,3,1|1|2,mixed,0.125,5e-06,-10495029266.45298,-0.043729288610220754,False,-10495028931.83077,resolved
2,plastic,2,3,1|1|2,mixed,0.0625,2.5e-06,-10495034368.985283,-0.04372930987077202,False,-10495028931.83077,resolved
2,plastic,3,3,1|1|2,mixed,16.0,0.00064,52381688072.69157,0.21825703363621488,False,-736822030.6450882,resolved
2,plastic,3,3,1|1|2,mixed,8.0,0.00032,-65846679924.73957,-0.27436116635308155,False,-736822030.6450882,resolved
2,plastic,3,3,1|1|2,mixed,4.0,0.00016,-8772447381.469063,-0.03655186408945443,False,-736822030.6450882,resolved
2,plastic,3,3,1|1|2,mixed,2.0,8e-05,-734468507.9839302,-0.003060285449933043,False,-736822030.6450882,resolved
2,plastic,3,3,1|1|2,mixed,1.0,4e-05,-736822263.4766865,-0.003070092764486194,False,-736822030.6450882,resolved
2,plastic,3,3,1|1|2,mixed,0.5,2e-05,-736822256.5911331,-0.003070092735796388,False,-736822030.6450882,resolved
2,plastic,3,3,1|1|2,mixed,0.25,1e-05,-736822237.6782227,-0.003070092656992595,False,-736822030.6450882,resolved
2,plastic,3,3,1|1|2,mixed,0.125,5e-06,-736822369.5195312,-0.0030700932063313802,False,-736822030.6450882,resolved
2,plastic,3,3,1|1|2,mixed,0.0625,2.5e-06,-736818695.84375,-0.0030700778993489586,False,-736822030.6450882,resolved
2,plastic,4,3,1|1|2,mixed,16.0,0.00064,0.0,0.0,True,0.0,expected_zero_independently_supported
2,plastic,4,3,1|1|2,mixed,8.0,0.00032,0.0,0.0,True,0.0,expected_zero_independently_supported
2,plastic,4,3,1|1|2,mixed,4.0,0.00016,0.0,0.0,True,0.0,expected_zero_independently_supported
2,plastic,4,3,1|1|2,mixed,2.0,8e-05,0.0,0.0,True,0.0,expected_zero_independently_supported
2,plastic,4,3,1|1|2,mixed,1.0,4e-05,0.0,0.0,True,0.0,expected_zero_independently_supported
2,plastic,4,3,1|1|2,mixed,0.5,2e-05,0.0,0.0,True,0.0,expected_zero_independently_supported
2,plastic,4,3,1|1|2,mixed,0.25,1e-05,0.0,0.0,True,0.0,expected_zero_independently_supported
2,plastic,4,3,1|1|2,mixed,0.125,5e-06,0.0,0.0,True,0.0,expected_zero_independently_supported
2,plastic,4,3,1|1|2,mixed,0.0625,2.5e-06,0.0,0.0,True,0.0,expected_zero_independently_supported
2,plastic,1,4,1|1|2|2,mixed,16.0,0.00064,-590967540462751.4,-2.462364751928131,False,28700238317067.64,resolved
2,plastic,1,4,1|1|2|2,mixed,8.0,0.00032,964347659136716.9,4.018115246402988,False,28700238317067.64,resolved
2,plastic,1,4,1|1|2|2,mixed,4.0,0.00016,-5381690183869.241,-0.022423709099455177,False,28700238317067.64,resolved
2,plastic,1,4,1|1|2|2,mixed,2.0,8e-05,28640728741357.33,0.11933636975565555,False,28700238317067.64,resolved
2,plastic,1,4,1|1|2|2,mixed,1.0,4e-05,28700224981738.156,0.11958427075724234,False,28700238317067.64,resolved
2,plastic,1,4,1|1|2|2,mixed,0.5,2e-05,28700229473777.0,0.11958428947407085,False,28700238317067.64,resolved
2,plastic,1,4,1|1|2|2,mixed,0.25,1e-05,28700189400128.0,0.11958412250053335,False,28700238317067.64,resolved
2,plastic,1,4,1|1|2|2,mixed,0.125,5e-06,28700376363776.0,0.11958490151573335,False,28700238317067.64,resolved
2,plastic,1,4,1|1|2|2,mixed,0.0625,2.5e-06,28707107786752.0,0.11961294911146668,False,28700238317067.64,resolved
2,plastic,2,4,1|1|2|2,mixed,16.0,0.00064,460129672457190.94,1.9172069685716293,False,14489396150763.344,resolved
2,plastic,2,4,1|1|2|2,mixed,8.0,0.00032,-666975437411443.0,-2.7790643225476797,False,14489396150763.344,resolved
2,plastic,2,4,1|1|2|2,mixed,4.0,0.00016,66170093523050.664,0.27570872301271115,False,14489396150763.344,resolved
2,plastic,2,4,1|1|2|2,mixed,2.0,8e-05,14534166716112.676,0.06055902798380283,False,14489396150763.344,resolved
2,plastic,2,4,1|1|2|2,mixed,1.0,4e-05,14489382587539.941,0.060372427448083105,False,14489396150763.344,resolved
2,plastic,2,4,1|1|2|2,mixed,0.5,2e-05,14489381390979.832,0.06037242246241598,False,14489396150763.344,resolved
2,plastic,2,4,1|1|2|2,mixed,0.25,1e-05,14489401985062.562,0.06037250827109402,False,14489396150763.344,resolved
2,plastic,2,4,1|1|2|2,mixed,0.125,5e-06,14489166157511.0,0.060371525656295846,False,14489396150763.344,resolved
2,plastic,2,4,1|1|2|2,mixed,0.0625,2.5e-06,14486122795762.0,0.060358844982341675,False,14489396150763.344,resolved
2,plastic,3,4,1|1|2|2,mixed,16.0,0.00064,130837991563854.16,0.5451582981827258,False,-43189634467830.805,resolved
2,plastic,3,4,1|1|2|2,mixed,8.0,0.00032,-297372502552144.7,-1.2390520939672698,False,-43189634467830.805,resolved
2,plastic,3,4,1|1|2|2,mixed,4.0,0.00016,-60788460743869.36,-0.2532852530994557,False,-43189634467830.805,resolved
2,plastic,3,4,1|1|2|2,mixed,2.0,8e-05,-43174936230887.97,-0.1798955676286999,False,-43189634467830.805,resolved
2,plastic,3,4,1|1|2|2,mixed,1.0,4e-05,-43189647982271.98,-0.17995686659279994,False,-43189634467830.805,resolved
2,plastic,3,4,1|1|2|2,mixed,0.5,2e-05,-43189647177661.75,-0.1799568632402573,False,-43189634467830.805,resolved
2,plastic,3,4,1|1|2|2,mixed,0.25,1e-05,-43189634639568.0,-0.17995681099820002,False,-43189634467830.805,resolved
2,plastic,3,4,1|1|2|2,mixed,0.125,5e-06,-43189772292352.0,-0.1799573845514667,False,-43189634467830.805,resolved
2,plastic,3,4,1|1|2|2,mixed,0.0625,2.5e-06,-43191827625984.0,-0.17996594844160005,False,-43189634467830.805,resolved
2,plastic,4,4,1|1|2|2,mixed,16.0,0.00064,0.0,0.0,True,0.0,expected_zero_independently_supported
2,plastic,4,4,1|1|2|2,mixed,8.0,0.00032,0.0,0.0,True,0.0,expected_zero_independently_supported
2,plastic,4,4,1|1|2|2,mixed,4.0,0.00016,0.0,0.0,True,0.0,expected_zero_independently_supported
2,plastic,4,4,1|1|2|2,mixed,2.0,8e-05,0.0,0.0,True,0.0,expected_zero_independently_supported
2,plastic,4,4,1|1|2|2,mixed,1.0,4e-05,0.0,0.0,True,0.0,expected_zero_independently_supported
2,plastic,4,4,1|1|2|2,mixed,0.5,2e-05,0.0,0.0,True,0.0,expected_zero_independently_supported
2,plastic,4,4,1|1|2|2,mixed,0.25,1e-05,0.0,0.0,True,0.0,expected_zero_independently_supported
2,plastic,4,4,1|1|2|2,mixed,0.125,5e-06,0.0,0.0,True,0.0,expected_zero_independently_supported
2,plastic,4,4,1|1|2|2,mixed,0.0625,2.5e-06,0.0,0.0,True,0.0,expected_zero_independently_supported
2,plastic,1,2,1|2,mixed,16.0,0.00064,21000303.34648258,0.08750126394367741,False,-12612394.60191948,resolved
2,plastic,1,2,1|2,mixed,8.0,0.00032,-54743884.99457353,-0.22809952081072307,False,-12612394.60191948,resolved
2,plastic,1,2,1|2,mixed,4.0,0.00016,-15584179.991077345,-0.0649340832961556,False,-12612394.60191948,resolved
2,plastic,1,2,1|2,mixed,2.0,8e-05,-12610866.854080994,-0.0525452785586708,False,-12612394.60191948,resolved
2,plastic,1,2,1|2,mixed,1.0,4e-05,-12612390.000741305,-0.05255162500308876,False,-12612394.60191948,resolved
2,plastic,1,2,1|2,mixed,0.5,2e-05,-12612390.0009855,-0.05255162500410625,False,-12612394.60191948,resolved
2,plastic,1,2,1|2,mixed,0.25,1e-05,-12612390.001750093,-0.052551625007292053,False,-12612394.60191948,resolved
2,plastic,1,2,1|2,mixed,0.125,5e-06,-12612389.999035299,-0.05255162499598041,False,-12612394.60191948,resolved
2,plastic,1,2,1|2,mixed,0.0625,2.5e-06,-12612389.997781515,-0.05255162499075631,False,-12612394.60191948,resolved
2,plastic,2,2,1|2,mixed,16.0,0.00064,-26156340.15291582,-0.10898475063714926,False,-2003600.590938637,resolved
2,plastic,2,2,1|2,mixed,8.0,0.00032,29435624.947417002,0.12264843728090417,False,-2003600.590938637,resolved
2,plastic,2,2,1|2,mixed,4.0,0.00016,-71202.1613895245,-0.0002966756724563521,False,-2003600.590938637,resolved
2,plastic,2,2,1|2,mixed,2.0,8e-05,-2004742.5144094569,-0.008353093810039403,False,-2003600.590938637,resolved
2,plastic,2,2,1|2,mixed,1.0,4e-05,-2003595.9902668227,-0.008348316626111761,False,-2003600.590938637,resolved
2,plastic,2,2,1|2,mixed,0.5,2e-05,-2003595.9899696202,-0.008348316624873418,False,-2003600.590938637,resolved
2,plastic,2,2,1|2,mixed,0.25,1e-05,-2003595.9896014717,-0.008348316623339465,False,-2003600.590938637,resolved
2,plastic,2,2,1|2,mixed,0.125,5e-06,-2003595.9904898754,-0.008348316627041146,False,-2003600.590938637,resolved
2,plastic,2,2,1|2,mixed,0.0625,2.5e-06,-2003595.988554656,-0.008348316618977733,False,-2003600.590938637,resolved
2,plastic,3,2,1|2,mixed,16.0,0.00064,5156041.675597548,0.021483506981656447,False,14615995.19285806,resolved
2,plastic,3,2,1|2,mixed,8.0,0.00032,25308283.947309926,0.10545118311379136,False,14615995.19285806,resolved
2,plastic,3,2,1|2,mixed,4.0,0.00016,15655396.936815154,0.06523082057006314,False,14615995.19285806,resolved
2,plastic,3,2,1|2,mixed,2.0,8e-05,14615623.170924462,0.060898429878851926,False,14615995.19285806,resolved
2,plastic,3,2,1|2,mixed,1.0,4e-05,14615999.793826303,0.06089999914094292,False,14615995.19285806,resolved
2,plastic,3,2,1|2,mixed,0.5,2e-05,14615999.793757983,0.06089999914065826,False,14615995.19285806,resolved
2,plastic,3,2,1|2,mixed,0.25,1e-05,14615999.79398463,0.060899999141602615,False,14615995.19285806,resolved
2,plastic,3,2,1|2,mixed,0.125,5e-06,14615999.793176427,0.06089999913823511,False,14615995.19285806,resolved
2,plastic,3,2,1|2,mixed,0.0625,2.5e-06,14615999.798644453,0.06089999916101855,False,14615995.19285806,resolved
2,plastic,4,2,1|2,mixed,16.0,0.00064,0.0,0.0,True,0.0,expected_zero_independently_supported
2,plastic,4,2,1|2,mixed,8.0,0.00032,0.0,0.0,True,0.0,expected_zero_independently_supported
2,plastic,4,2,1|2,mixed,4.0,0.00016,0.0,0.0,True,0.0,expected_zero_independently_supported
2,plastic,4,2,1|2,mixed,2.0,8e-05,0.0,0.0,True,0.0,expected_zero_independently_supported
2,plastic,4,2,1|2,mixed,1.0,4e-05,0.0,0.0,True,0.0,expected_zero_independently_supported
2,plastic,4,2,1|2,mixed,0.5,2e-05,0.0,0.0,True,0.0,expected_zero_independently_supported
2,plastic,4,2,1|2,mixed,0.25,1e-05,0.0,0.0,True,0.0,expected_zero_independently_supported
2,plastic,4,2,1|2,mixed,0.125,5e-06,0.0,0.0,True,0.0,expected_zero_independently_supported
2,plastic,4,2,1|2,mixed,0.0625,2.5e-06,0.0,0.0,True,0.0,expected_zero_independently_supported
3,plastic,1,2,1|1,repeated,16.0,0.00064,-6858292.480248423,-0.028576218667701762,False,-6850735.565456558,resolved
3,plastic,1,2,1|1,repeated,8.0,0.00032,-6850749.156289369,-0.028544788151205702,False,-6850735.565456558,resolved
3,plastic,1,2,1|1,repeated,4.0,0.00016,-6850732.35473096,-0.028544718144712333,False,-6850735.565456558,resolved
3,plastic,1,2,1|1,repeated,2.0,8e-05,-6850732.303236157,-0.02854471793015065,False,-6850735.565456558,resolved
3,plastic,1,2,1|1,repeated,1.0,4e-05,-6850732.303225219,-0.02854471793010508,False,-6850735.565456558,resolved
3,plastic,1,2,1|1,repeated,0.5,2e-05,-6850732.303853989,-0.02854471793272495,False,-6850735.565456558,resolved
3,plastic,1,2,1|1,repeated,0.25,1e-05,-6850732.305428505,-0.028544717939285435,False,-6850735.565456558,resolved
3,plastic,1,2,1|1,repeated,0.125,5e-06,-6850732.316436768,-0.028544717985153196,False,-6850735.565456558,resolved
3,plastic,1,2,1|1,repeated,0.0625,2.5e-06,-6850732.334213257,-0.028544718059221905,False,-6850735.565456558,resolved
3,plastic,2,2,1|1,repeated,16.0,0.00064,-4066546.2993839113,-0.01694394291409963,False,-4070660.6100541335,resolved
3,plastic,2,2,1|1,repeated,8.0,0.00032,-4070659.888849662,-0.016961082870206926,False,-4070660.6100541335,resolved
3,plastic,2,2,1|1,repeated,4.0,0.00016,-4070657.3663442824,-0.016961072359767845,False,-4070660.6100541335,resolved
3,plastic,2,2,1|1,repeated,2.0,8e-05,-4070657.347683082,-0.01696107228201284,False,-4070660.6100541335,resolved
3,plastic,2,2,1|1,repeated,1.0,4e-05,-4070657.3476163875,-0.016961072281734945,False,-4070660.6100541335,resolved
3,plastic,2,2,1|1,repeated,0.5,2e-05,-4070657.3479009047,-0.016961072282920434,False,-4070660.6100541335,resolved
3,plastic,2,2,1|1,repeated,0.25,1e-05,-4070657.3482026914,-0.01696107228417788,False,-4070660.6100541335,resolved
3,plastic,2,2,1|1,repeated,0.125,5e-06,-4070657.3532033004,-0.01696107230501375,False,-4070660.6100541335,resolved
3,plastic,2,2,1|1,repeated,0.0625,2.5e-06,-4070657.3620527536,-0.016961072341886475,False,-4070660.6100541335,resolved
3,plastic,3,2,1|1,repeated,16.0,0.00064,10924848.570273956,0.04552020237614148,False,10921396.175510716,resolved
3,plastic,3,2,1|1,repeated,8.0,0.00032,10921418.832515197,0.04550591180214665,False,10921396.175510716,resolved
3,plastic,3,2,1|1,repeated,4.0,0.00016,10921399.508423164,0.04550583128509652,False,10921396.175510716,resolved
3,plastic,3,2,1|1,repeated,2.0,8e-05,10921399.438229457,0.04550583099262273,False,10921396.175510716,resolved
3,plastic,3,2,1|1,repeated,1.0,4e-05,10921399.437926948,0.04550583099136228,False,10921396.175510716,resolved
3,plastic,3,2,1|1,repeated,0.5,2e-05,10921399.437792301,0.04550583099080126,False,10921396.175510716,resolved
3,plastic,3,2,1|1,repeated,0.25,1e-05,10921399.43737197,0.045505830989049874,False,10921396.175510716,resolved
3,plastic,3,2,1|1,repeated,0.125,5e-06,10921399.432107925,0.045505830967116356,False,10921396.175510716,resolved
3,plastic,3,2,1|1,repeated,0.0625,2.5e-06,10921399.431144714,0.045505830963102976,False,10921396.175510716,resolved
3,plastic,4,2,1|1,repeated,16.0,0.00064,0.0,0.0,True,0.0,expected_zero_independently_supported
3,plastic,4,2,1|1,repeated,8.0,0.00032,0.0,0.0,True,0.0,expected_zero_independently_supported
3,plastic,4,2,1|1,repeated,4.0,0.00016,0.0,0.0,True,0.0,expected_zero_independently_supported
3,plastic,4,2,1|1,repeated,2.0,8e-05,0.0,0.0,True,0.0,expected_zero_independently_supported
3,plastic,4,2,1|1,repeated,1.0,4e-05,0.0,0.0,True,0.0,expected_zero_independently_supported
3,plastic,4,2,1|1,repeated,0.5,2e-05,0.0,0.0,True,0.0,expected_zero_independently_supported
3,plastic,4,2,1|1,repeated,0.25,1e-05,0.0,0.0,True,0.0,expected_zero_independently_supported
3,plastic,4,2,1|1,repeated,0.125,5e-06,0.0,0.0,True,0.0,expected_zero_independently_supported
3,plastic,4,2,1|1,repeated,0.0625,2.5e-06,0.0,0.0,True,0.0,expected_zero_independently_supported
3,plastic,1,3,1|1|1,repeated,16.0,0.00064,6671274621.477409,0.027796977589489204,False,6936102117.44278,resolved
3,plastic,1,3,1|1|1,repeated,8.0,0.00032,6934584809.594452,0.028894103373310217,False,6936102117.44278,resolved
3,plastic,1,3,1|1|1,repeated,4.0,0.00016,6936084192.029541,0.02890035080012309,False,6936102117.44278,resolved
3,plastic,1,3,1|1|1,repeated,2.0,8e-05,6936099490.1328125,0.028900414542220053,False,6936102117.44278,resolved
3,plastic,1,3,1|1|1,repeated,1.0,4e-05,6936099702.8125,0.028900415428385416,False,6936102117.44278,resolved
3,plastic,1,3,1|1|1,repeated,0.5,2e-05,6936099696.75,0.028900415403125,False,6936102117.44278,resolved
3,plastic,1,3,1|1|1,repeated,0.25,1e-05,6936099824.0,0.028900415933333333,False,6936102117.44278,resolved
3,plastic,1,3,1|1|1,repeated,0.125,5e-06,6936097672.0,0.02890040696666667,False,6936102117.44278,resolved
3,plastic,1,3,1|1|1,repeated,0.0625,2.5e-06,6936139520.0,0.028900581333333335,False,6936102117.44278,resolved
3,plastic,2,3,1|1|1,repeated,16.0,0.00064,1106062326.7717896,0.00460859302821579,False,1063660371.8484993,resolved
3,plastic,2,3,1|1|1,repeated,8.0,0.00032,1062145760.0050964,0.004425607333354569,False,1063660371.8484993,resolved
3,plastic,2,3,1|1|1,repeated,4.0,0.00016,1063632246.7388916,0.0044318010280787155,False,1063660371.8484993,resolved
3,plastic,2,3,1|1|1,repeated,2.0,8e-05,1063657553.8969727,0.00443190647457072,False,1063660371.8484993,resolved
3,plastic,2,3,1|1|1,repeated,1.0,4e-05,1063657954.8398438,0.0044319081451660155,False,1063660371.8484993,resolved
3,plastic,2,3,1|1|1,repeated,0.5,2e-05,1063657926.828125,0.004431908028450521,False,1063660371.8484993,resolved
3,plastic,2,3,1|1|1,repeated,0.25,1e-05,1063658048.21875,0.004431908534244792,False,1063660371.8484993,resolved
3,plastic,2,3,1|1|1,repeated,0.125,5e-06,1063657727.625,0.0044319071984375005,False,1063660371.8484993,resolved
3,plastic,2,3,1|1|1,repeated,0.0625,2.5e-06,1063667867.0,0.004431949445833334,False,1063660371.8484993,resolved
3,plastic,3,3,1|1|1,repeated,16.0,0.00064,-7777343980.970196,-0.03240559992070915,False,-7999762489.291302,resolved
3,plastic,3,3,1|1|1,repeated,8.0,0.00032,-7996737803.334404,-0.033319740847226685,False,-7999762489.291302,resolved
3,plastic,3,3,1|1|1,repeated,4.0,0.00016,-7999723675.089081,-0.033332181979537835,False,-7999762489.291302,resolved
3,plastic,3,3,1|1|1,repeated,2.0,8e-05,-7999764281.358398,-0.03333235117232666,False,-7999762489.291302,resolved
3,plastic,3,3,1|1|1,repeated,1.0,4e-05,-7999764892.53125,-0.03333235371888021,False,-7999762489.291302,resolved
3,plastic,3,3,1|1|1,repeated,0.5,2e-05,-7999764929.25,-0.033332353871875005,False,-7999762489.291302,resolved
3,plastic,3,3,1|1|1,repeated,0.25,1e-05,-7999764847.0,-0.03333235352916667,False,-7999762489.291302,resolved
3,plastic,3,3,1|1|1,repeated,0.125,5e-06,-7999765648.0,-0.03333235686666667,False,-7999762489.291302,resolved
3,plastic,3,3,1|1|1,repeated,0.0625,2.5e-06,-7999755168.0,-0.0333323132,False,-7999762489.291302,resolved
3,plastic,4,3,1|1|1,repeated,16.0,0.00064,0.0,0.0,True,0.0,expected_zero_independently_supported
3,plastic,4,3,1|1|1,repeated,8.0,0.00032,0.0,0.0,True,0.0,expected_zero_independently_supported
3,plastic,4,3,1|1|1,repeated,4.0,0.00016,0.0,0.0,True,0.0,expected_zero_independently_supported
3,plastic,4,3,1|1|1,repeated,2.0,8e-05,0.0,0.0,True,0.0,expected_zero_independently_supported
3,plastic,4,3,1|1|1,repeated,1.0,4e-05,0.0,0.0,True,0.0,expected_zero_independently_supported
3,plastic,4,3,1|1|1,repeated,0.5,2e-05,0.0,0.0,True,0.0,expected_zero_independently_supported
3,plastic,4,3,1|1|1,repeated,0.25,1e-05,0.0,0.0,True,0.0,expected_zero_independently_supported
3,plastic,4,3,1|1|1,repeated,0.125,5e-06,0.0,0.0,True,0.0,expected_zero_independently_supported
3,plastic,4,3,1|1|1,repeated,0.0625,2.5e-06,0.0,0.0,True,0.0,expected_zero_independently_supported
3,plastic,1,4,1|1|1|1,repeated,16.0,0.00064,-7895027372825.203,-0.032895947386771686,False,-8206506355279.887,resolved
3,plastic,1,4,1|1|1|1,repeated,8.0,0.00032,-8203711768295.875,-0.034182132367899486,False,-8206506355279.887,resolved
3,plastic,1,4,1|1|1|1,repeated,4.0,0.00016,-8206469862980.0,-0.034193624429083344,False,-8206506355279.887,resolved
3,plastic,1,4,1|1|1|1,repeated,2.0,8e-05,-8206503795328.0,-0.034193765813866676,False,-8206506355279.887,resolved
3,plastic,1,4,1|1|1|1,repeated,1.0,4e-05,-8206503849472.0,-0.03419376603946667,False,-8206506355279.887,resolved
3,plastic,1,4,1|1|1|1,repeated,0.5,2e-05,-8206496522240.0,-0.03419373550933334,False,-8206506355279.887,resolved
3,plastic,1,4,1|1|1|1,repeated,0.25,1e-05,-8206466547712.0,-0.03419361061546667,False,-8206506355279.887,resolved
3,plastic,1,4,1|1|1|1,repeated,0.125,5e-06,-8204639535104.0,-0.03418599806293334,False,-8206506355279.887,resolved
3,plastic,1,4,1|1|1|1,repeated,0.0625,2.5e-06,-8189194010624.0,-0.03412164171093334,False,-8206506355279.887,resolved
3,plastic,2,4,1|1|1|1,repeated,16.0,0.00064,1349197846298.8523,0.005621657692911885,False,1513875842071.8706,resolved
3,plastic,2,4,1|1|1|1,repeated,8.0,0.00032,1514314194058.011,0.006309642475241713,False,1513875842071.8706,resolved
3,plastic,2,4,1|1|1|1,repeated,4.0,0.00016,1513890429017.1768,0.006307876787571571,False,1513875842071.8706,resolved
3,plastic,2,4,1|1|1|1,repeated,2.0,8e-05,1513878100754.8281,0.006307825419811785,False,1513875842071.8706,resolved
3,plastic,2,4,1|1|1|1,repeated,1.0,4e-05,1513877935341.25,0.006307824730588543,False,1513875842071.8706,resolved
3,plastic,2,4,1|1|1|1,repeated,0.5,2e-05,1513881605844.0,0.0063078400243500015,False,1513875842071.8706,resolved
3,plastic,2,4,1|1|1|1,repeated,0.25,1e-05,1513896566080.0,0.006307902358666668,False,1513875842071.8706,resolved
3,plastic,2,4,1|1|1|1,repeated,0.125,5e-06,1514913387520.0,0.006312139114666668,False,1513875842071.8706,resolved
3,plastic,2,4,1|1|1|1,repeated,0.0625,2.5e-06,1521749934080.0,0.006340624725333335,False,1513875842071.8706,resolved
3,plastic,3,4,1|1|1|1,repeated,16.0,0.00064,6545835525704.289,0.027274314690434544,False,6692630513208.016,resolved
3,plastic,3,4,1|1|1|1,repeated,8.0,0.00032,6689403709777.9375,0.02787251545740808,False,6692630513208.016,resolved
3,plastic,3,4,1|1|1|1,repeated,4.0,0.00016,6692585573704.125,0.02788577322376719,False,6692630513208.016,resolved
3,plastic,3,4,1|1|1|1,repeated,2.0,8e-05,6692631838792.0,0.027885965994966674,False,6692630513208.016,resolved
3,plastic,3,4,1|1|1|1,repeated,1.0,4e-05,6692632499968.0,0.02788596874986667,False,6692630513208.016,resolved
3,plastic,3,4,1|1|1|1,repeated,0.5,2e-05,6692633296896.0,0.027885972070400004,False,6692630513208.016,resolved
3,plastic,3,4,1|1|1|1,repeated,0.25,1e-05,6692633968640.0,0.02788597486933334,False,6692630513208.016,resolved
3,plastic,3,4,1|1|1|1,repeated,0.125,5e-06,6693591187456.0,0.027889963281066674,False,6692630513208.016,resolved
3,plastic,3,4,1|1|1|1,repeated,0.0625,2.5e-06,6691441606656.0,0.027881006694400006,False,6692630513208.016,resolved
3,plastic,4,4,1|1|1|1,repeated,16.0,0.00064,0.0,0.0,True,0.0,expected_zero_independently_supported
3,plastic,4,4,1|1|1|1,repeated,8.0,0.00032,0.0,0.0,True,0.0,expected_zero_independently_supported
3,plastic,4,4,1|1|1|1,repeated,4.0,0.00016,0.0,0.0,True,0.0,expected_zero_independently_supported
3,plastic,4,4,1|1|1|1,repeated,2.0,8e-05,0.0,0.0,True,0.0,expected_zero_independently_supported
3,plastic,4,4,1|1|1|1,repeated,1.0,4e-05,0.0,0.0,True,0.0,expected_zero_independently_supported
3,plastic,4,4,1|1|1|1,repeated,0.5,2e-05,0.0,0.0,True,0.0,expected_zero_independently_supported
3,plastic,4,4,1|1|1|1,repeated,0.25,1e-05,0.0,0.0,True,0.0,expected_zero_independently_supported
3,plastic,4,4,1|1|1|1,repeated,0.125,5e-06,0.0,0.0,True,0.0,expected_zero_independently_supported
3,plastic,4,4,1|1|1|1,repeated,0.0625,2.5e-06,0.0,0.0,True,0.0,expected_zero_independently_supported
3,plastic,1,3,1|1|2,mixed,16.0,0.00064,-2504193225.0344844,-0.010434138437643686,False,1063660371.8485227,resolved
3,plastic,1,3,1|1|2,mixed,8.0,0.00032,1068725277.7512716,0.004453021990630299,False,1063660371.8485227,resolved
3,plastic,1,3,1|1|2,mixed,4.0,0.00016,1063660964.370655,0.004431920684877729,False,1063660371.8485227,resolved
3,plastic,1,3,1|1|2,mixed,2.0,8e-05,1063660957.5947251,0.004431920656644688,False,1063660371.8485227,resolved
3,plastic,1,3,1|1|2,mixed,1.0,4e-05,1063660958.985218,0.0044319206624384095,False,1063660371.8485227,resolved
3,plastic,1,3,1|1|2,mixed,0.5,2e-05,1063661035.4359741,0.004431920980983226,False,1063660371.8485227,resolved
3,plastic,1,3,1|1|2,mixed,0.25,1e-05,1063660675.8598633,0.004431919482749431,False,1063660371.8485227,resolved
3,plastic,1,3,1|1|2,mixed,0.125,5e-06,1063661953.9433594,0.004431924808097331,False,1063660371.8485227,resolved
3,plastic,1,3,1|1|2,mixed,0.0625,2.5e-06,1063675984.953125,0.004431983270638021,False,1063660371.8485227,resolved
3,plastic,2,3,1|1|2,mixed,16.0,0.00064,322791364.50972635,0.0013449640187905264,False,-3479357796.3340793,resolved
3,plastic,2,3,1|1|2,mixed,8.0,0.00032,-3484684678.2875214,-0.014519519492864673,False,-3479357796.3340793,resolved
3,plastic,2,3,1|1|2,mixed,4.0,0.00016,-3479356402.3807874,-0.01449731834325328,False,-3479357796.3340793,resolved
3,plastic,2,3,1|1|2,mixed,2.0,8e-05,-3479357207.7620964,-0.014497321699008737,False,-3479357796.3340793,resolved
3,plastic,2,3,1|1|2,mixed,1.0,4e-05,-3479357215.2109795,-0.014497321730045748,False,-3479357796.3340793,resolved
3,plastic,2,3,1|1|2,mixed,0.5,2e-05,-3479357154.587993,-0.014497321477449972,False,-3479357796.3340793,resolved
3,plastic,2,3,1|1|2,mixed,0.25,1e-05,-3479357195.651332,-0.014497321648547218,False,-3479357796.3340793,resolved
3,plastic,2,3,1|1|2,mixed,0.125,5e-06,-3479359140.221448,-0.0144973297509227,False,-3479357796.3340793,resolved
3,plastic,2,3,1|1|2,mixed,0.0625,2.5e-06,-3479364323.060276,-0.014497351346084484,False,-3479357796.3340793,resolved
3,plastic,3,3,1|1|2,mixed,16.0,0.00064,2181403600.9560385,0.00908918167065016,False,2415697424.485572,resolved
3,plastic,3,3,1|1|2,mixed,8.0,0.00032,2415961157.365934,0.010066504822358057,False,2415697424.485572,resolved
3,plastic,3,3,1|1|2,mixed,4.0,0.00016,2415697195.023296,0.010065404979263733,False,2415697424.485572,resolved
3,plastic,3,3,1|1|2,mixed,2.0,8e-05,2415698006.8319116,0.010065408361799633,False,2415697424.485572,resolved
3,plastic,3,3,1|1|2,mixed,1.0,4e-05,2415698008.7548265,0.010065408369811778,False,2415697424.485572,resolved
3,plastic,3,3,1|1|2,mixed,0.5,2e-05,2415698065.0686646,0.010065408604452769,False,2415697424.485572,resolved
3,plastic,3,3,1|1|2,mixed,0.25,1e-05,2415697869.788086,0.010065407790783692,False,2415697424.485572,resolved
3,plastic,3,3,1|1|2,mixed,0.125,5e-06,2415697167.631836,0.010065404865132651,False,2415697424.485572,resolved
3,plastic,3,3,1|1|2,mixed,0.0625,2.5e-06,2415692863.0703125,0.010065386929459635,False,2415697424.485572,resolved
3,plastic,4,3,1|1|2,mixed,16.0,0.00064,0.0,0.0,True,0.0,expected_zero_independently_supported
3,plastic,4,3,1|1|2,mixed,8.0,0.00032,0.0,0.0,True,0.0,expected_zero_independently_supported
3,plastic,4,3,1|1|2,mixed,4.0,0.00016,0.0,0.0,True,0.0,expected_zero_independently_supported
3,plastic,4,3,1|1|2,mixed,2.0,8e-05,0.0,0.0,True,0.0,expected_zero_independently_supported
3,plastic,4,3,1|1|2,mixed,1.0,4e-05,0.0,0.0,True,0.0,expected_zero_independently_supported
3,plastic,4,3,1|1|2,mixed,0.5,2e-05,0.0,0.0,True,0.0,expected_zero_independently_supported
3,plastic,4,3,1|1|2,mixed,0.25,1e-05,0.0,0.0,True,0.0,expected_zero_independently_supported
3,plastic,4,3,1|1|2,mixed,0.125,5e-06,0.0,0.0,True,0.0,expected_zero_independently_supported
3,plastic,4,3,1|1|2,mixed,0.0625,2.5e-06,0.0,0.0,True,0.0,expected_zero_independently_supported
3,plastic,1,4,1|1|2|2,mixed,16.0,0.00064,-4707309822355.274,-0.01961379092648031,False,3959827414756.5596,resolved
3,plastic,1,4,1|1|2|2,mixed,8.0,0.00032,3973627359218.479,0.016556780663410334,False,3959827414756.5596,resolved
3,plastic,1,4,1|1|2|2,mixed,4.0,0.00016,3959826215963.037,0.01649927589984599,False,3959827414756.5596,resolved
3,plastic,1,4,1|1|2|2,mixed,2.0,8e-05,3959826306112.494,0.016499276275468728,False,3959827414756.5596,resolved
3,plastic,1,4,1|1|2|2,mixed,1.0,4e-05,3959826490593.1562,0.016499277044138155,False,3959827414756.5596,resolved
3,plastic,1,4,1|1|2|2,mixed,0.5,2e-05,3959833721587.0,0.01649930717327917,False,3959827414756.5596,resolved
3,plastic,1,4,1|1|2|2,mixed,0.25,1e-05,3959869944032.0,0.016499458100133337,False,3959827414756.5596,resolved
3,plastic,1,4,1|1|2|2,mixed,0.125,5e-06,3960598530816.0,0.016502493878400002,False,3959827414756.5596,resolved
3,plastic,1,4,1|1|2|2,mixed,0.0625,2.5e-06,3978472968192.0,0.016576970700800005,False,3959827414756.5596,resolved
3,plastic,2,4,1|1|2|2,mixed,16.0,0.00064,8151820979105.565,0.0339659207462732,False,-970241628623.8972,resolved
3,plastic,2,4,1|1|2|2,mixed,8.0,0.00032,-984230883154.9061,-0.004100962013145443,False,-970241628623.8972,resolved
3,plastic,2,4,1|1|2|2,mixed,4.0,0.00016,-970242595480.9514,-0.004042677481170632,False,-970241628623.8972,resolved
3,plastic,2,4,1|1|2|2,mixed,2.0,8e-05,-970242752828.8804,-0.004042678136787002,False,-970241628623.8972,resolved
3,plastic,2,4,1|1|2|2,mixed,1.0,4e-05,-970242659765.8427,-0.004042677749024345,False,-970241628623.8972,resolved
3,plastic,2,4,1|1|2|2,mixed,0.5,2e-05,-970236609809.9834,-0.0040426525408749315,False,-970241628623.8972,resolved
3,plastic,2,4,1|1|2|2,mixed,0.25,1e-05,-970201971828.5391,-0.004042508215952247,False,-970241628623.8972,resolved
3,plastic,2,4,1|1|2|2,mixed,0.125,5e-06,-970102737250.6875,-0.0040420947385445315,False,-970241628623.8972,resolved
3,plastic,2,4,1|1|2|2,mixed,0.0625,2.5e-06,-955769496074.5,-0.003982372900310417,False,-970241628623.8972,resolved
3,plastic,3,4,1|1|2|2,mixed,16.0,0.00064,-3444514387932.129,-0.014352143283050539,False,-2989585786132.6274,resolved
3,plastic,3,4,1|1|2|2,mixed,8.0,0.00032,-2989399861398.7036,-0.012455832755827933,False,-2989585786132.6274,resolved
3,plastic,3,4,1|1|2|2,mixed,4.0,0.00016,-2989587005137.9805,-0.012456612521408254,False,-2989585786132.6274,resolved
3,plastic,3,4,1|1|2|2,mixed,2.0,8e-05,-2989586905506.673,-0.012456612106277805,False,-2989585786132.6274,resolved
3,plastic,3,4,1|1|2|2,mixed,1.0,4e-05,-2989586827278.0156,-0.012456611780325068,False,-2989585786132.6274,resolved
3,plastic,3,4,1|1|2|2,mixed,0.5,2e-05,-2989583253045.0,-0.012456596887687502,False,-2989585786132.6274,resolved
3,plastic,3,4,1|1|2|2,mixed,0.25,1e-05,-2989550771204.0,-0.012456461546683336,False,-2989585786132.6274,resolved
3,plastic,3,4,1|1|2|2,mixed,0.125,5e-06,-2989380247744.0,-0.01245575103226667,False,-2989585786132.6274,resolved
3,plastic,3,4,1|1|2|2,mixed,0.0625,2.5e-06,-2983031355392.0,-0.012429297314133336,False,-2989585786132.6274,resolved
3,plastic,4,4,1|1|2|2,mixed,16.0,0.00064,0.0,0.0,True,0.0,expected_zero_independently_supported
3,plastic,4,4,1|1|2|2,mixed,8.0,0.00032,0.0,0.0,True,0.0,expected_zero_independently_supported
3,plastic,4,4,1|1|2|2,mixed,4.0,0.00016,0.0,0.0,True,0.0,expected_zero_independently_supported
3,plastic,4,4,1|1|2|2,mixed,2.0,8e-05,0.0,0.0,True,0.0,expected_zero_independently_supported
3,plastic,4,4,1|1|2|2,mixed,1.0,4e-05,0.0,0.0,True,0.0,expected_zero_independently_supported
3,plastic,4,4,1|1|2|2,mixed,0.5,2e-05,0.0,0.0,True,0.0,expected_zero_independently_supported
3,plastic,4,4,1|1|2|2,mixed,0.25,1e-05,0.0,0.0,True,0.0,expected_zero_independently_supported
3,plastic,4,4,1|1|2|2,mixed,0.125,5e-06,0.0,0.0,True,0.0,expected_zero_independently_supported
3,plastic,4,4,1|1|2|2,mixed,0.0625,2.5e-06,0.0,0.0,True,0.0,expected_zero_independently_supported
3,plastic,1,2,1|2,mixed,16.0,0.00064,-1681984.2279412053,-0.007008267616421688,False,-4070660.6100541395,resolved
3,plastic,1,2,1|2,mixed,8.0,0.00032,-4073905.6767322132,-0.01697460698638422,False,-4070660.6100541395,resolved
3,plastic,1,2,1|2,mixed,4.0,0.00016,-4070659.519479542,-0.016961081331164758,False,-4070660.6100541395,resolved
3,plastic,1,2,1|2,mixed,2.0,8e-05,-4070659.573502665,-0.016961081556261103,False,-4070660.6100541395,resolved
3,plastic,1,2,1|2,mixed,1.0,4e-05,-4070659.5736719817,-0.01696108155696659,False,-4070660.6100541395,resolved
3,plastic,1,2,1|2,mixed,0.5,2e-05,-4070659.5737654967,-0.016961081557356237,False,-4070660.6100541395,resolved
3,plastic,1,2,1|2,mixed,0.25,1e-05,-4070659.573480226,-0.016961081556167608,False,-4070660.6100541395,resolved
3,plastic,1,2,1|2,mixed,0.125,5e-06,-4070659.575242549,-0.01696108156351062,False,-4070660.6100541395,resolved
3,plastic,1,2,1|2,mixed,0.0625,2.5e-06,-4070659.5582933426,-0.016961081492888927,False,-4070660.6100541395,resolved
3,plastic,2,2,1|2,mixed,16.0,0.00064,-1091358.278352384,-0.004547326159801599,False,1438830.8368715537,resolved
3,plastic,2,2,1|2,mixed,8.0,0.00032,1442384.7914645195,0.006009936631102164,False,1438830.8368715537,resolved
3,plastic,2,2,1|2,mixed,4.0,0.00016,1438831.7870316426,0.005995132445965177,False,1438830.8368715537,resolved
3,plastic,2,2,1|2,mixed,2.0,8e-05,1438831.872995368,0.005995132804147366,False,1438830.8368715537,resolved
3,plastic,2,2,1|2,mixed,1.0,4e-05,1438831.873372917,0.005995132805720488,False,1438830.8368715537,resolved
3,plastic,2,2,1|2,mixed,0.5,2e-05,1438831.873197365,0.005995132804989021,False,1438830.8368715537,resolved
3,plastic,2,2,1|2,mixed,0.25,1e-05,1438831.8728215094,0.005995132803422955,False,1438830.8368715537,resolved
3,plastic,2,2,1|2,mixed,0.125,5e-06,1438831.8752674006,0.0059951328136141685,False,1438830.8368715537,resolved
3,plastic,2,2,1|2,mixed,0.0625,2.5e-06,1438831.8799981775,0.005995132833325739,False,1438830.8368715537,resolved
3,plastic,3,2,1|2,mixed,16.0,0.00064,2773345.6180416034,0.011555606741840013,False,2631829.7731825816,resolved
3,plastic,3,2,1|2,mixed,8.0,0.00032,2631523.994555095,0.01096468331064623,False,2631829.7731825816,resolved
3,plastic,3,2,1|2,mixed,4.0,0.00016,2631830.8418357256,0.01096596184098219,False,2631829.7731825816,resolved
3,plastic,3,2,1|2,mixed,2.0,8e-05,2631830.8098805537,0.01096596170783564,False,2631829.7731825816,resolved
3,plastic,3,2,1|2,mixed,1.0,4e-05,2631830.809638046,0.010965961706825194,False,2631829.7731825816,resolved
3,plastic,3,2,1|2,mixed,0.5,2e-05,2631830.8094510077,0.010965961706045864,False,2631829.7731825816,resolved
3,plastic,3,2,1|2,mixed,0.25,1e-05,2631830.809247704,0.010965961705198767,False,2631829.7731825816,resolved
3,plastic,3,2,1|2,mixed,0.125,5e-06,2631830.8097025156,0.010965961707093816,False,2631829.7731825816,resolved
3,plastic,3,2,1|2,mixed,0.0625,2.5e-06,2631830.8160223663,0.010965961733426526,False,2631829.7731825816,resolved
3,plastic,4,2,1|2,mixed,16.0,0.00064,0.0,0.0,True,0.0,expected_zero_independently_supported
3,plastic,4,2,1|2,mixed,8.0,0.00032,0.0,0.0,True,0.0,expected_zero_independently_supported
3,plastic,4,2,1|2,mixed,4.0,0.00016,0.0,0.0,True,0.0,expected_zero_independently_supported
3,plastic,4,2,1|2,mixed,2.0,8e-05,0.0,0.0,True,0.0,expected_zero_independently_supported
3,plastic,4,2,1|2,mixed,1.0,4e-05,0.0,0.0,True,0.0,expected_zero_independently_supported
3,plastic,4,2,1|2,mixed,0.5,2e-05,0.0,0.0,True,0.0,expected_zero_independently_supported
3,plastic,4,2,1|2,mixed,0.25,1e-05,0.0,0.0,True,0.0,expected_zero_independently_supported
3,plastic,4,2,1|2,mixed,0.125,5e-06,0.0,0.0,True,0.0,expected_zero_independently_supported
3,plastic,4,2,1|2,mixed,0.0625,2.5e-06,0.0,0.0,True,0.0,expected_zero_independently_supported
4,plastic,1,2,1|1,repeated,16.0,0.00064,-8214809.478372476,-0.03422837282655199,False,-18736980.640158147,resolved
4,plastic,1,2,1|1,repeated,8.0,0.00032,-21250110.04474933,-0.08854212518645554,False,-18736980.640158147,resolved
4,plastic,1,2,1|1,repeated,4.0,0.00016,-18736980.421475023,-0.07807075175614592,False,-18736980.640158147,resolved
4,plastic,1,2,1|1,repeated,2.0,8e-05,-18736973.544746794,-0.07807072310311164,False,-18736980.640158147,resolved
4,plastic,1,2,1|1,repeated,1.0,4e-05,-18736973.52094561,-0.07807072300394004,False,-18736980.640158147,resolved
4,plastic,1,2,1|1,repeated,0.5,2e-05,-18736973.521081686,-0.07807072300450701,False,-18736980.640158147,resolved
4,plastic,1,2,1|1,repeated,0.25,1e-05,-18736973.519810677,-0.07807072299921115,False,-18736980.640158147,resolved
4,plastic,1,2,1|1,repeated,0.125,5e-06,-18736973.525798798,-0.07807072302416165,False,-18736980.640158147,resolved
4,plastic,1,2,1|1,repeated,0.0625,2.5e-06,-18736973.513763428,-0.07807072297401428,False,-18736980.640158147,resolved
4,plastic,2,2,1|1,repeated,16.0,0.00064,-24923759.19935379,-0.10384899666397412,False,-9714641.937697176,resolved
4,plastic,2,2,1|1,repeated,8.0,0.00032,-6449829.830119097,-0.02687429095882957,False,-9714641.937697176,resolved
4,plastic,2,2,1|1,repeated,4.0,0.00016,-9714634.655317917,-0.04047764439715799,False,-9714641.937697176,resolved
4,plastic,2,2,1|1,repeated,2.0,8e-05,-9714634.820332436,-0.04047764508471848,False,-9714641.937697176,resolved
4,plastic,2,2,1|1,repeated,1.0,4e-05,-9714634.818425275,-0.04047764507677198,False,-9714641.937697176,resolved
4,plastic,2,2,1|1,repeated,0.5,2e-05,-9714634.818544729,-0.040477645077269704,False,-9714641.937697176,resolved
4,plastic,2,2,1|1,repeated,0.25,1e-05,-9714634.819600666,-0.040477645081669435,False,-9714641.937697176,resolved
4,plastic,2,2,1|1,repeated,0.125,5e-06,-9714634.823099889,-0.040477645096249536,False,-9714641.937697176,resolved
4,plastic,2,2,1|1,repeated,0.0625,2.5e-06,-9714634.82719639,-0.04047764511331829,False,-9714641.937697176,resolved
4,plastic,3,2,1|1,repeated,16.0,0.00064,33138591.589022946,0.13807746495426226,False,28451622.57785529,resolved
4,plastic,3,2,1|1,repeated,8.0,0.00032,27699961.102816712,0.11541650459506964,False,28451622.57785529,resolved
4,plastic,3,2,1|1,repeated,4.0,0.00016,28451636.43466285,0.11854848514442853,False,28451622.57785529,resolved
4,plastic,3,2,1|1,repeated,2.0,8e-05,28451629.722892854,0.11854845717872023,False,28451622.57785529,resolved
4,plastic,3,2,1|1,repeated,1.0,4e-05,28451629.697226837,0.11854845707177848,False,28451622.57785529,resolved
4,plastic,3,2,1|1,repeated,0.5,2e-05,28451629.696915925,0.11854845707048302,False,28451622.57785529,resolved
4,plastic,3,2,1|1,repeated,0.25,1e-05,28451629.69652748,0.1185484570688645,False,28451622.57785529,resolved
4,plastic,3,2,1|1,repeated,0.125,5e-06,28451629.693410873,0.11854845705587863,False,28451622.57785529,resolved
4,plastic,3,2,1|1,repeated,0.0625,2.5e-06,28451629.684051514,0.1185484570168813,False,28451622.57785529,resolved
4,plastic,4,2,1|1,repeated,16.0,0.00064,0.0,0.0,True,0.0,expected_zero_independently_supported
4,plastic,4,2,1|1,repeated,8.0,0.00032,0.0,0.0,True,0.0,expected_zero_independently_supported
4,plastic,4,2,1|1,repeated,4.0,0.00016,0.0,0.0,True,0.0,expected_zero_independently_supported
4,plastic,4,2,1|1,repeated,2.0,8e-05,0.0,0.0,True,0.0,expected_zero_independently_supported
4,plastic,4,2,1|1,repeated,1.0,4e-05,0.0,0.0,True,0.0,expected_zero_independently_supported
4,plastic,4,2,1|1,repeated,0.5,2e-05,0.0,0.0,True,0.0,expected_zero_independently_supported
4,plastic,4,2,1|1,repeated,0.25,1e-05,0.0,0.0,True,0.0,expected_zero_independently_supported
4,plastic,4,2,1|1,repeated,0.125,5e-06,0.0,0.0,True,0.0,expected_zero_independently_supported
4,plastic,4,2,1|1,repeated,0.0625,2.5e-06,0.0,0.0,True,0.0,expected_zero_independently_supported
4,plastic,1,3,1|1|1,repeated,16.0,0.00064,139349200835.83057,0.580621670149294,False,29501286326.39906,resolved
4,plastic,1,3,1|1|1,repeated,8.0,0.00032,-58163887376.5572,-0.242349530735655,False,29501286326.39906,resolved
4,plastic,1,3,1|1|1,repeated,4.0,0.00016,29499519537.5896,0.12291466473995667,False,29501286326.39906,resolved
4,plastic,1,3,1|1|1,repeated,2.0,8e-05,29501255401.214844,0.12292189750506186,False,29501286326.39906,resolved
4,plastic,1,3,1|1|1,repeated,1.0,4e-05,29501277577.203125,0.12292198990501303,False,29501286326.39906,resolved
4,plastic,1,3,1|1|1,repeated,0.5,2e-05,29501277902.0,0.12292199125833334,False,29501286326.39906,resolved
4,plastic,1,3,1|1|1,repeated,0.25,1e-05,29501277805.0,0.12292199085416668,False,29501286326.39906,resolved
4,plastic,1,3,1|1|1,repeated,0.125,5e-06,29501278824.0,0.12292199510000001,False,29501286326.39906,resolved
4,plastic,1,3,1|1|1,repeated,0.0625,2.5e-06,29501278656.0,0.1229219944,False,29501286326.39906,resolved
4,plastic,2,3,1|1|1,repeated,16.0,0.00064,-134161877523.91768,-0.5590078230163237,False,2501433536.6550236,resolved
4,plastic,2,3,1|1|1,repeated,8.0,0.00032,113573490314.96442,0.4732228763123517,False,2501433536.6550236,resolved
4,plastic,2,3,1|1|1,repeated,4.0,0.00016,2500309626.7000732,0.010417956777916971,False,2501433536.6550236,resolved
4,plastic,2,3,1|1|1,repeated,2.0,8e-05,2501405637.226074,0.010422523488441976,False,2501433536.6550236,resolved
4,plastic,2,3,1|1|1,repeated,1.0,4e-05,2501424812.5,0.010422603385416668,False,2501433536.6550236,resolved
4,plastic,2,3,1|1|1,repeated,0.5,2e-05,2501425113.3828125,0.010422604639095053,False,2501433536.6550236,resolved
4,plastic,2,3,1|1|1,repeated,0.25,1e-05,2501425129.1875,0.010422604704947916,False,2501433536.6550236,resolved
4,plastic,2,3,1|1|1,repeated,0.125,5e-06,2501424439.5,0.01042260183125,False,2501433536.6550236,resolved
4,plastic,2,3,1|1|1,repeated,0.0625,2.5e-06,2501426280.0,0.0104226095,False,2501433536.6550236,resolved
4,plastic,3,3,1|1|1,repeated,16.0,0.00064,-5187346832.985275,-0.021613945137438646,False,-32002719863.05409,resolved
4,plastic,3,3,1|1|1,repeated,8.0,0.00032,-55409630866.00973,-0.2308734619417072,False,-32002719863.05409,resolved
4,plastic,3,3,1|1|1,repeated,4.0,0.00016,-31999854402.362183,-0.1333327266765091,False,-32002719863.05409,resolved
4,plastic,3,3,1|1|1,repeated,2.0,8e-05,-32002686278.436523,-0.1333445261601522,False,-32002719863.05409,resolved
4,plastic,3,3,1|1|1,repeated,1.0,4e-05,-32002727632.375,-0.13334469846822916,False,-32002719863.05409,resolved
4,plastic,3,3,1|1|1,repeated,0.5,2e-05,-32002728268.1875,-0.13334470111744792,False,-32002719863.05409,resolved
4,plastic,3,3,1|1|1,repeated,0.25,1e-05,-32002728326.0,-0.13334470135833335,False,-32002719863.05409,resolved
4,plastic,3,3,1|1|1,repeated,0.125,5e-06,-32002728616.0,-0.13334470256666667,False,-32002719863.05409,resolved
4,plastic,3,3,1|1|1,repeated,0.0625,2.5e-06,-32002729056.0,-0.13334470439999999,False,-32002719863.05409,resolved
4,plastic,4,3,1|1|1,repeated,16.0,0.00064,0.0,0.0,True,0.0,expected_zero_independently_supported
4,plastic,4,3,1|1|1,repeated,8.0,0.00032,0.0,0.0,True,0.0,expected_zero_independently_supported
4,plastic,4,3,1|1|1,repeated,4.0,0.00016,0.0,0.0,True,0.0,expected_zero_independently_supported
4,plastic,4,3,1|1|1,repeated,2.0,8e-05,0.0,0.0,True,0.0,expected_zero_independently_supported
4,plastic,4,3,1|1|1,repeated,1.0,4e-05,0.0,0.0,True,0.0,expected_zero_independently_supported
4,plastic,4,3,1|1|1,repeated,0.5,2e-05,0.0,0.0,True,0.0,expected_zero_independently_supported
4,plastic,4,3,1|1|1,repeated,0.25,1e-05,0.0,0.0,True,0.0,expected_zero_independently_supported
4,plastic,4,3,1|1|1,repeated,0.125,5e-06,0.0,0.0,True,0.0,expected_zero_independently_supported
4,plastic,4,3,1|1|1,repeated,0.0625,2.5e-06,0.0,0.0,True,0.0,expected_zero_independently_supported
4,plastic,1,4,1|1|1|1,repeated,16.0,0.00064,-415407614015454.3,-1.7308650583977265,False,-53739738545647.81,resolved
4,plastic,1,4,1|1|1|1,repeated,8.0,0.00032,330727071910835.1,1.3780294662951467,False,-53739738545647.81,resolved
4,plastic,1,4,1|1|1|1,repeated,4.0,0.00016,-53735138905092.0,-0.22389641210455002,False,-53739738545647.81,resolved
4,plastic,1,4,1|1|1|1,repeated,2.0,8e-05,-53739663605728.0,-0.22391526502386672,False,-53739738545647.81,resolved
4,plastic,1,4,1|1|1|1,repeated,1.0,4e-05,-53739726457344.0,-0.22391552690560004,False,-53739738545647.81,resolved
4,plastic,1,4,1|1|1|1,repeated,0.5,2e-05,-53739724750848.0,-0.22391551979520005,False,-53739738545647.81,resolved
4,plastic,1,4,1|1|1|1,repeated,0.25,1e-05,-53739801018368.0,-0.22391583757653338,False,-53739738545647.81,resolved
4,plastic,1,4,1|1|1|1,repeated,0.125,5e-06,-53739624857600.0,-0.22391510357333338,False,-53739738545647.81,resolved
4,plastic,1,4,1|1|1|1,repeated,0.0625,2.5e-06,-53738630807552.0,-0.22391096169813335,False,-53739738545647.81,resolved
4,plastic,2,4,1|1|1|1,repeated,16.0,0.00064,521396883310679.44,2.172487013794498,False,13897086304921.875,resolved
4,plastic,2,4,1|1|1|1,repeated,8.0,0.00032,-484473547586928.6,-2.018639781612203,False,13897086304921.875,resolved
4,plastic,2,4,1|1|1|1,repeated,4.0,0.00016,13897002629308.105,0.057904177622117116,False,13897086304921.875,resolved
4,plastic,2,4,1|1|1|1,repeated,2.0,8e-05,13897102735697.703,0.05790459473207377,False,13897086304921.875,resolved
4,plastic,2,4,1|1|1|1,repeated,1.0,4e-05,13897097665179.25,0.05790457360491355,False,13897086304921.875,resolved
4,plastic,2,4,1|1|1|1,repeated,0.5,2e-05,13897099160500.0,0.05790457983541668,False,13897086304921.875,resolved
4,plastic,2,4,1|1|1|1,repeated,0.25,1e-05,13897154394944.0,0.057904809978933346,False,13897086304921.875,resolved
4,plastic,2,4,1|1|1|1,repeated,0.125,5e-06,13897846535168.0,0.057907693896533344,False,13897086304921.875,resolved
4,plastic,2,4,1|1|1|1,repeated,0.0625,2.5e-06,13900937904128.0,0.05792057460053334,False,13897086304921.875,resolved
4,plastic,3,4,1|1|1|1,repeated,16.0,0.00064,-105989278800463.53,-0.44162199500193144,False,39842652240725.94,resolved
4,plastic,3,4,1|1|1|1,repeated,8.0,0.00032,153746528717100.4,0.6406105363212518,False,39842652240725.94,resolved
4,plastic,3,4,1|1|1|1,repeated,4.0,0.00016,39838170150950.0,0.16599237562895836,False,39842652240725.94,resolved
4,plastic,3,4,1|1|1|1,repeated,2.0,8e-05,39842594779528.0,0.16601081158136669,False,39842652240725.94,resolved
4,plastic,3,4,1|1|1|1,repeated,1.0,4e-05,39842662389760.0,0.1660110932906667,False,39842652240725.94,resolved
4,plastic,3,4,1|1|1|1,repeated,0.5,2e-05,39842665275392.0,0.16601110531413338,False,39842652240725.94,resolved
4,plastic,3,4,1|1|1|1,repeated,0.25,1e-05,39842661728256.0,0.16601109053440002,False,39842652240725.94,resolved
4,plastic,3,4,1|1|1|1,repeated,0.125,5e-06,39842726543360.0,0.16601136059733337,False,39842652240725.94,resolved
4,plastic,3,4,1|1|1|1,repeated,0.0625,2.5e-06,39848052260864.0,0.16603355108693338,False,39842652240725.94,resolved
4,plastic,4,4,1|1|1|1,repeated,16.0,0.00064,0.0,0.0,True,0.0,expected_zero_independently_supported
4,plastic,4,4,1|1|1|1,repeated,8.0,0.00032,0.0,0.0,True,0.0,expected_zero_independently_supported
4,plastic,4,4,1|1|1|1,repeated,4.0,0.00016,0.0,0.0,True,0.0,expected_zero_independently_supported
4,plastic,4,4,1|1|1|1,repeated,2.0,8e-05,0.0,0.0,True,0.0,expected_zero_independently_supported
4,plastic,4,4,1|1|1|1,repeated,1.0,4e-05,0.0,0.0,True,0.0,expected_zero_independently_supported
4,plastic,4,4,1|1|1|1,repeated,0.5,2e-05,0.0,0.0,True,0.0,expected_zero_independently_supported
4,plastic,4,4,1|1|1|1,repeated,0.25,1e-05,0.0,0.0,True,0.0,expected_zero_independently_supported
4,plastic,4,4,1|1|1|1,repeated,0.125,5e-06,0.0,0.0,True,0.0,expected_zero_independently_supported
4,plastic,4,4,1|1|1|1,repeated,0.0625,2.5e-06,0.0,0.0,True,0.0,expected_zero_independently_supported
4,plastic,1,3,1|1|2,mixed,16.0,0.00064,-136653021520.93396,-0.5693875896705582,False,2501433536.65501,resolved
4,plastic,1,3,1|1|2,mixed,8.0,0.00032,150713208408.6525,0.6279717017027189,False,2501433536.65501,resolved
4,plastic,1,3,1|1|2,mixed,4.0,0.00016,13363161707.774403,0.05567984044906002,False,2501433536.65501,resolved
4,plastic,1,3,1|1|2,mixed,2.0,8e-05,2501434537.1868987,0.01042264390494541,False,2501433536.65501,resolved
4,plastic,1,3,1|1|2,mixed,1.0,4e-05,2501434383.721924,0.010422643265508017,False,2501433536.65501,resolved
4,plastic,1,3,1|1|2,mixed,0.5,2e-05,2501434409.063629,0.010422643371098456,False,2501433536.65501,resolved
4,plastic,1,3,1|1|2,mixed,0.25,1e-05,2501434304.7697754,0.010422642936540731,False,2501433536.65501,resolved
4,plastic,1,3,1|1|2,mixed,0.125,5e-06,2501433360.095703,0.010422639000398765,False,2501433536.65501,resolved
4,plastic,1,3,1|1|2,mixed,0.0625,2.5e-06,2501436212.65625,0.010422650886067707,False,2501433536.65501,resolved
4,plastic,2,3,1|1|2,mixed,16.0,0.00064,106374187793.73723,0.44322578247390515,False,-14604670275.193562,resolved
4,plastic,2,3,1|1|2,mixed,8.0,0.00032,-145478856061.07843,-0.6061619002544935,False,-14604670275.193562,resolved
4,plastic,2,3,1|1|2,mixed,4.0,0.00016,-24556366129.549564,-0.10231819220645652,False,-14604670275.193562,resolved
4,plastic,2,3,1|1|2,mixed,2.0,8e-05,-14604669045.831999,-0.060852787690966664,False,-14604670275.193562,resolved
4,plastic,2,3,1|1|2,mixed,1.0,4e-05,-14604669423.943842,-0.06085278926643268,False,-14604670275.193562,resolved
4,plastic,2,3,1|1|2,mixed,0.5,2e-05,-14604669420.701841,-0.060852789252924346,False,-14604670275.193562,resolved
4,plastic,2,3,1|1|2,mixed,0.25,1e-05,-14604669424.483887,-0.060852789268682865,False,-14604670275.193562,resolved
4,plastic,2,3,1|1|2,mixed,0.125,5e-06,-14604669315.86306,-0.06085278881609609,False,-14604670275.193562,resolved
4,plastic,2,3,1|1|2,mixed,0.0625,2.5e-06,-14604663555.610474,-0.06085276481504365,False,-14604670275.193562,resolved
4,plastic,3,3,1|1|2,mixed,16.0,0.00064,30278876248.509922,0.12616198436879136,False,12103236738.538492,resolved
4,plastic,3,3,1|1|2,mixed,8.0,0.00032,-5234391351.589743,-0.02180996396495726,False,12103236738.538492,resolved
4,plastic,3,3,1|1|2,mixed,4.0,0.00016,11193204249.559225,0.04663835103983011,False,12103236738.538492,resolved
4,plastic,3,3,1|1|2,mixed,2.0,8e-05,12103237057.814917,0.050430154407562156,False,12103236738.538492,resolved
4,plastic,3,3,1|1|2,mixed,1.0,4e-05,12103237585.073181,0.05043015660447159,False,12103236738.538492,resolved
4,plastic,3,3,1|1|2,mixed,0.5,2e-05,12103237593.581848,0.05043015663992437,False,12103236738.538492,resolved
4,plastic,3,3,1|1|2,mixed,0.25,1e-05,12103237541.014038,0.05043015642089183,False,12103236738.538492,resolved
4,plastic,3,3,1|1|2,mixed,0.125,5e-06,12103237336.671875,0.05043015556946615,False,12103236738.538492,resolved
4,plastic,3,3,1|1|2,mixed,0.0625,2.5e-06,12103241426.929688,0.05043017261220704,False,12103236738.538492,resolved
4,plastic,4,3,1|1|2,mixed,16.0,0.00064,0.0,0.0,True,0.0,expected_zero_independently_supported
4,plastic,4,3,1|1|2,mixed,8.0,0.00032,0.0,0.0,True,0.0,expected_zero_independently_supported
4,plastic,4,3,1|1|2,mixed,4.0,0.00016,0.0,0.0,True,0.0,expected_zero_independently_supported
4,plastic,4,3,1|1|2,mixed,2.0,8e-05,0.0,0.0,True,0.0,expected_zero_independently_supported
4,plastic,4,3,1|1|2,mixed,1.0,4e-05,0.0,0.0,True,0.0,expected_zero_independently_supported
4,plastic,4,3,1|1|2,mixed,0.5,2e-05,0.0,0.0,True,0.0,expected_zero_independently_supported
4,plastic,4,3,1|1|2,mixed,0.25,1e-05,0.0,0.0,True,0.0,expected_zero_independently_supported
4,plastic,4,3,1|1|2,mixed,0.125,5e-06,0.0,0.0,True,0.0,expected_zero_independently_supported
4,plastic,4,3,1|1|2,mixed,0.0625,2.5e-06,0.0,0.0,True,0.0,expected_zero_independently_supported
4,plastic,1,4,1|1|2|2,mixed,16.0,0.00064,-543399547536940.9,-2.2641647814039207,False,24113971966274.016,resolved
4,plastic,1,4,1|1|2|2,mixed,8.0,0.00032,807808697695827.4,3.3658695737326148,False,24113971966274.016,resolved
4,plastic,1,4,1|1|2|2,mixed,4.0,0.00016,95514459141459.66,0.3979769130894153,False,24113971966274.016,resolved
4,plastic,1,4,1|1|2|2,mixed,2.0,8e-05,24113962326515.65,0.10047484302714856,False,24113971966274.016,resolved
4,plastic,1,4,1|1|2|2,mixed,1.0,4e-05,24113962354355.97,0.10047484314314989,False,24113971966274.016,resolved
4,plastic,1,4,1|1|2|2,mixed,0.5,2e-05,24113967558122.0,0.10047486482550835,False,24113971966274.016,resolved
4,plastic,1,4,1|1|2|2,mixed,0.25,1e-05,24113944951472.0,0.10047477063113334,False,24113971966274.016,resolved
4,plastic,1,4,1|1|2|2,mixed,0.125,5e-06,24114492303872.0,0.10047705126613335,False,24113971966274.016,resolved
4,plastic,1,4,1|1|2|2,mixed,0.0625,2.5e-06,24123613814784.0,0.10051505756160002,False,24113971966274.016,resolved
4,plastic,2,4,1|1|2|2,mixed,16.0,0.00064,509989586417962.4,2.1249566100748436,False,-9974524879248.408,resolved
4,plastic,2,4,1|1|2|2,mixed,8.0,0.00032,-739780270684862.0,-3.082417794520259,False,-9974524879248.408,resolved
4,plastic,2,4,1|1|2|2,mixed,4.0,0.00016,-78098517488947.86,-0.3254104895372828,False,-9974524879248.408,resolved
4,plastic,2,4,1|1|2|2,mixed,2.0,8e-05,-9974534385889.656,-0.04156055994120691,False,-9974524879248.408,resolved
4,plastic,2,4,1|1|2|2,mixed,1.0,4e-05,-9974534502542.553,-0.04156056042726065,False,-9974524879248.408,resolved
4,plastic,2,4,1|1|2|2,mixed,0.5,2e-05,-9974534743748.613,-0.0415605614322859,False,-9974524879248.408,resolved
4,plastic,2,4,1|1|2|2,mixed,0.25,1e-05,-9974487909696.43,-0.0415603662904018,False,-9974524879248.408,resolved
4,plastic,2,4,1|1|2|2,mixed,0.125,5e-06,-9974261569735.438,-0.041559423207231,False,-9974524879248.408,resolved
4,plastic,2,4,1|1|2|2,mixed,0.0625,2.5e-06,-9969673734504.5,-0.04154030722710209,False,-9974524879248.408,resolved
4,plastic,3,4,1|1|2|2,mixed,16.0,0.00064,33410086877073.234,0.1392086953211385,False,-14139447087025.578,resolved
4,plastic,3,4,1|1|2|2,mixed,8.0,0.00032,-68028650353619.61,-0.2834527098067484,False,-14139447087025.578,resolved
4,plastic,3,4,1|1|2|2,mixed,4.0,0.00016,-17415986449817.36,-0.07256661020757235,False,-14139447087025.578,resolved
4,plastic,3,4,1|1|2|2,mixed,2.0,8e-05,-14139456837357.836,-0.058914403488991,False,-14139447087025.578,resolved
4,plastic,3,4,1|1|2|2,mixed,1.0,4e-05,-14139456737955.86,-0.058914403074816095,False,-14139447087025.578,resolved
4,plastic,3,4,1|1|2|2,mixed,0.5,2e-05,-14139454683111.25,-0.05891439451296355,False,-14139447087025.578,resolved
4,plastic,3,4,1|1|2|2,mixed,0.25,1e-05,-14139454418144.0,-0.05891439340893334,False,-14139447087025.578,resolved
4,plastic,3,4,1|1|2|2,mixed,0.125,5e-06,-14139172568064.0,-0.058913219033600014,False,-14139447087025.578,resolved
4,plastic,3,4,1|1|2|2,mixed,0.0625,2.5e-06,-14131376254976.0,-0.058880734395733346,False,-14139447087025.578,resolved
4,plastic,4,4,1|1|2|2,mixed,16.0,0.00064,0.0,0.0,True,0.0,expected_zero_independently_supported
4,plastic,4,4,1|1|2|2,mixed,8.0,0.00032,0.0,0.0,True,0.0,expected_zero_independently_supported
4,plastic,4,4,1|1|2|2,mixed,4.0,0.00016,0.0,0.0,True,0.0,expected_zero_independently_supported
4,plastic,4,4,1|1|2|2,mixed,2.0,8e-05,0.0,0.0,True,0.0,expected_zero_independently_supported
4,plastic,4,4,1|1|2|2,mixed,1.0,4e-05,0.0,0.0,True,0.0,expected_zero_independently_supported
4,plastic,4,4,1|1|2|2,mixed,0.5,2e-05,0.0,0.0,True,0.0,expected_zero_independently_supported
4,plastic,4,4,1|1|2|2,mixed,0.25,1e-05,0.0,0.0,True,0.0,expected_zero_independently_supported
4,plastic,4,4,1|1|2|2,mixed,0.125,5e-06,0.0,0.0,True,0.0,expected_zero_independently_supported
4,plastic,4,4,1|1|2|2,mixed,0.0625,2.5e-06,0.0,0.0,True,0.0,expected_zero_independently_supported
4,plastic,1,2,1|2,mixed,16.0,0.00064,14059185.635400463,0.058579940147501924,False,-9714641.937697152,resolved
4,plastic,1,2,1|2,mixed,8.0,0.00032,-34365688.8699104,-0.1431903702912933,False,-9714641.937697152,resolved
4,plastic,1,2,1|2,mixed,4.0,0.00016,-11664004.996706732,-0.04860002081961138,False,-9714641.937697152,resolved
4,plastic,1,2,1|2,mixed,2.0,8e-05,-9714638.105225598,-0.040477658771773325,False,-9714641.937697152,resolved
4,plastic,1,2,1|2,mixed,1.0,4e-05,-9714638.118016792,-0.04047765882506996,False,-9714641.937697152,resolved
4,plastic,1,2,1|2,mixed,0.5,2e-05,-9714638.118070094,-0.04047765882529206,False,-9714641.937697152,resolved
4,plastic,1,2,1|2,mixed,0.25,1e-05,-9714638.118680917,-0.04047765882783715,False,-9714641.937697152,resolved
4,plastic,1,2,1|2,mixed,0.125,5e-06,-9714638.12130037,-0.04047765883875154,False,-9714641.937697152,resolved
4,plastic,1,2,1|2,mixed,0.0625,2.5e-06,-9714638.122609735,-0.040477658844207225,False,-9714641.937697152,resolved
4,plastic,2,2,1|2,mixed,16.0,0.00064,-16922426.134771615,-0.07051010889488173,False,4795513.8980744425,resolved
4,plastic,2,2,1|2,mixed,8.0,0.00032,27274349.549478825,0.11364312312282844,False,4795513.8980744425,resolved
4,plastic,2,2,1|2,mixed,4.0,0.00016,6657982.019925549,0.027741591749689785,False,4795513.8980744425,resolved
4,plastic,2,2,1|2,mixed,2.0,8e-05,4795517.689001913,0.019981323704174637,False,4795513.8980744425,resolved
4,plastic,2,2,1|2,mixed,1.0,4e-05,4795517.717584064,0.019981323823266936,False,4795513.8980744425,resolved
4,plastic,2,2,1|2,mixed,0.5,2e-05,4795517.71781211,0.019981323824217124,False,4795513.8980744425,resolved
4,plastic,2,2,1|2,mixed,0.25,1e-05,4795517.7174978815,0.019981323822907838,False,4795513.8980744425,resolved
4,plastic,2,2,1|2,mixed,0.125,5e-06,4795517.716752975,0.019981323819804064,False,4795513.8980744425,resolved
4,plastic,2,2,1|2,mixed,0.0625,2.5e-06,4795517.713607355,0.019981323806697312,False,4795513.8980744425,resolved
4,plastic,3,2,1|2,mixed,16.0,0.00064,2863246.928926431,0.011930195537193463,False,4919128.039622732,resolved
4,plastic,3,2,1|2,mixed,8.0,0.00032,7091356.885090249,0.029547320354542703,False,4919128.039622732,resolved
4,plastic,3,2,1|2,mixed,4.0,0.00016,5006034.854899326,0.020858478562080524,False,4919128.039622732,resolved
4,plastic,3,2,1|2,mixed,2.0,8e-05,4919131.875123406,0.02049638281301419,False,4919128.039622732,resolved
4,plastic,3,2,1|2,mixed,1.0,4e-05,4919131.859329879,0.02049638274720783,False,4919128.039622732,resolved
4,plastic,3,2,1|2,mixed,0.5,2e-05,4919131.8592565255,0.02049638274690219,False,4919128.039622732,resolved
4,plastic,3,2,1|2,mixed,0.25,1e-05,4919131.858968182,0.020496382745700755,False,4919128.039622732,resolved
4,plastic,3,2,1|2,mixed,0.125,5e-06,4919131.858880848,0.020496382745336866,False,4919128.039622732,resolved
4,plastic,3,2,1|2,mixed,0.0625,2.5e-06,4919131.8575948775,0.020496382739978655,False,4919128.039622732,resolved
4,plastic,4,2,1|2,mixed,16.0,0.00064,0.0,0.0,True,0.0,expected_zero_independently_supported
4,plastic,4,2,1|2,mixed,8.0,0.00032,0.0,0.0,True,0.0,expected_zero_independently_supported
4,plastic,4,2,1|2,mixed,4.0,0.00016,0.0,0.0,True,0.0,expected_zero_independently_supported
4,plastic,4,2,1|2,mixed,2.0,8e-05,0.0,0.0,True,0.0,expected_zero_independently_supported
4,plastic,4,2,1|2,mixed,1.0,4e-05,0.0,0.0,True,0.0,expected_zero_independently_supported
4,plastic,4,2,1|2,mixed,0.5,2e-05,0.0,0.0,True,0.0,expected_zero_independently_supported
4,plastic,4,2,1|2,mixed,0.25,1e-05,0.0,0.0,True,0.0,expected_zero_independently_supported
4,plastic,4,2,1|2,mixed,0.125,5e-06,0.0,0.0,True,0.0,expected_zero_independently_supported
4,plastic,4,2,1|2,mixed,0.0625,2.5e-06,0.0,0.0,True,0.0,expected_zero_independently_supported
