model,increment,array,component,parameter,props_index,oti_direction,oti,reference,absolute_error,relative_error,judged_by,agrees,branch,branch_crossing
m3_j2,1,DSIGMA_DP,1,E,1,1,0.0001346153846153846,0.00013461538461542876,4.415413347447217e-17,3.280021343816857e-13,within_reference_resolution,True,elastic,False
m3_j2,1,DSIGMA_DP,1,nu,2,2,79.21597633136093,79.21597829554372,1.9641827861960337e-06,2.4795285350992483e-08,relative,True,elastic,False
m3_j2,1,DSIGMA_DP,1,SIGY0,3,3,0.0,0.0,0.0,,within_reference_resolution,True,elastic,False
m3_j2,1,DSIGMA_DP,1,H,4,4,0.0,0.0,0.0,,within_reference_resolution,True,elastic,False
m3_j2,1,DSIGMA_DP,2,E,1,1,5.769230769230769e-05,5.7692307692332655e-05,2.496375502147874e-17,4.327050870387776e-13,within_reference_resolution,True,elastic,False
m3_j2,1,DSIGMA_DP,2,nu,2,2,91.6420118343195,91.6420138051303,1.9708107998894775e-06,2.1505537886588296e-08,relative,True,elastic,False
m3_j2,1,DSIGMA_DP,2,SIGY0,3,3,0.0,0.0,0.0,,within_reference_resolution,True,elastic,False
m3_j2,1,DSIGMA_DP,2,H,4,4,0.0,0.0,0.0,,within_reference_resolution,True,elastic,False
m3_j2,1,DSIGMA_DP,3,E,1,1,5.769230769230769e-05,5.7692307692332655e-05,2.496375502147874e-17,4.327050870387776e-13,within_reference_resolution,True,elastic,False
m3_j2,1,DSIGMA_DP,3,nu,2,2,91.6420118343195,91.6420138051303,1.9708107998894775e-06,2.1505537886588296e-08,relative,True,elastic,False
m3_j2,1,DSIGMA_DP,3,SIGY0,3,3,0.0,0.0,0.0,,within_reference_resolution,True,elastic,False
m3_j2,1,DSIGMA_DP,3,H,4,4,0.0,0.0,0.0,,within_reference_resolution,True,elastic,False
m3_j2,1,DSIGMA_DP,4,E,1,1,0.0,0.0,0.0,,within_reference_resolution,True,elastic,False
m3_j2,1,DSIGMA_DP,4,nu,2,2,0.0,0.0,0.0,,within_reference_resolution,True,elastic,False
m3_j2,1,DSIGMA_DP,4,SIGY0,3,3,0.0,0.0,0.0,,within_reference_resolution,True,elastic,False
m3_j2,1,DSIGMA_DP,4,H,4,4,0.0,0.0,0.0,,within_reference_resolution,True,elastic,False
m3_j2,1,DSIGMA_DP,5,E,1,1,0.0,0.0,0.0,,within_reference_resolution,True,elastic,False
m3_j2,1,DSIGMA_DP,5,nu,2,2,0.0,0.0,0.0,,within_reference_resolution,True,elastic,False
m3_j2,1,DSIGMA_DP,5,SIGY0,3,3,0.0,0.0,0.0,,within_reference_resolution,True,elastic,False
m3_j2,1,DSIGMA_DP,5,H,4,4,0.0,0.0,0.0,,within_reference_resolution,True,elastic,False
m3_j2,1,DSIGMA_DP,6,E,1,1,0.0,0.0,0.0,,within_reference_resolution,True,elastic,False
m3_j2,1,DSIGMA_DP,6,nu,2,2,0.0,0.0,0.0,,within_reference_resolution,True,elastic,False
m3_j2,1,DSIGMA_DP,6,SIGY0,3,3,0.0,0.0,0.0,,within_reference_resolution,True,elastic,False
m3_j2,1,DSIGMA_DP,6,H,4,4,0.0,0.0,0.0,,within_reference_resolution,True,elastic,False
m3_j2,2,DSIGMA_DP,1,E,1,1,0.0002692307692307692,0.00026923076923085753,8.830826694894434e-17,3.280021343816857e-13,within_reference_resolution,True,elastic,False
m3_j2,2,DSIGMA_DP,1,nu,2,2,158.4319526627219,158.43195659108744,3.928365543970358e-06,2.479528517159869e-08,relative,True,elastic,False
m3_j2,2,DSIGMA_DP,1,SIGY0,3,3,0.0,0.0,0.0,,within_reference_resolution,True,elastic,False
m3_j2,2,DSIGMA_DP,1,H,4,4,0.0,0.0,0.0,,within_reference_resolution,True,elastic,False
m3_j2,2,DSIGMA_DP,2,E,1,1,0.0001153846153846154,0.00011538461538466531,4.991395751580141e-17,4.3258763180342505e-13,within_reference_resolution,True,elastic,False
m3_j2,2,DSIGMA_DP,2,nu,2,2,183.284023668639,183.2840276102606,3.941621599778955e-06,2.1505537886588296e-08,relative,True,elastic,False
m3_j2,2,DSIGMA_DP,2,SIGY0,3,3,0.0,0.0,0.0,,within_reference_resolution,True,elastic,False
m3_j2,2,DSIGMA_DP,2,H,4,4,0.0,0.0,0.0,,within_reference_resolution,True,elastic,False
m3_j2,2,DSIGMA_DP,3,E,1,1,0.0001153846153846154,0.00011538461538466531,4.991395751580141e-17,4.3258763180342505e-13,within_reference_resolution,True,elastic,False
m3_j2,2,DSIGMA_DP,3,nu,2,2,183.284023668639,183.2840276102606,3.941621599778955e-06,2.1505537886588296e-08,relative,True,elastic,False
m3_j2,2,DSIGMA_DP,3,SIGY0,3,3,0.0,0.0,0.0,,within_reference_resolution,True,elastic,False
m3_j2,2,DSIGMA_DP,3,H,4,4,0.0,0.0,0.0,,within_reference_resolution,True,elastic,False
m3_j2,2,DSIGMA_DP,4,E,1,1,0.0,0.0,0.0,,within_reference_resolution,True,elastic,False
m3_j2,2,DSIGMA_DP,4,nu,2,2,0.0,0.0,0.0,,within_reference_resolution,True,elastic,False
m3_j2,2,DSIGMA_DP,4,SIGY0,3,3,0.0,0.0,0.0,,within_reference_resolution,True,elastic,False
m3_j2,2,DSIGMA_DP,4,H,4,4,0.0,0.0,0.0,,within_reference_resolution,True,elastic,False
m3_j2,2,DSIGMA_DP,5,E,1,1,0.0,0.0,0.0,,within_reference_resolution,True,elastic,False
m3_j2,2,DSIGMA_DP,5,nu,2,2,0.0,0.0,0.0,,within_reference_resolution,True,elastic,False
m3_j2,2,DSIGMA_DP,5,SIGY0,3,3,0.0,0.0,0.0,,within_reference_resolution,True,elastic,False
m3_j2,2,DSIGMA_DP,5,H,4,4,0.0,0.0,0.0,,within_reference_resolution,True,elastic,False
m3_j2,2,DSIGMA_DP,6,E,1,1,0.0,0.0,0.0,,within_reference_resolution,True,elastic,False
m3_j2,2,DSIGMA_DP,6,nu,2,2,0.0,0.0,0.0,,within_reference_resolution,True,elastic,False
m3_j2,2,DSIGMA_DP,6,SIGY0,3,3,0.0,0.0,0.0,,within_reference_resolution,True,elastic,False
m3_j2,2,DSIGMA_DP,6,H,4,4,0.0,0.0,0.0,,within_reference_resolution,True,elastic,False
m3_j2,3,DSIGMA_DP,1,E,1,1,0.0004038461538461538,0.00040384615384628626,1.3248950547772864e-16,3.2806925165903003e-13,within_reference_resolution,True,elastic,False
m3_j2,3,DSIGMA_DP,1,nu,2,2,237.6479289940828,237.6479348868088,5.892725994272041e-06,2.4796032825106324e-08,relative,True,elastic,False
m3_j2,3,DSIGMA_DP,1,SIGY0,3,3,0.0,0.0,0.0,,within_reference_resolution,True,elastic,False
m3_j2,3,DSIGMA_DP,1,H,4,4,0.0,0.0,0.0,,within_reference_resolution,True,elastic,False
m3_j2,3,DSIGMA_DP,2,E,1,1,0.0001730769230769231,0.00017307692307712484,2.0174291924524024e-16,1.1656257556378071e-12,within_reference_resolution,True,elastic,False
m3_j2,3,DSIGMA_DP,2,nu,2,2,274.9260355029585,274.92604141545013,5.91249164472174e-06,2.1505753381096307e-08,relative,True,elastic,False
m3_j2,3,DSIGMA_DP,2,SIGY0,3,3,0.0,0.0,0.0,,within_reference_resolution,True,elastic,False
m3_j2,3,DSIGMA_DP,2,H,4,4,0.0,0.0,0.0,,within_reference_resolution,True,elastic,False
m3_j2,3,DSIGMA_DP,3,E,1,1,0.0001730769230769231,0.00017307692307712484,2.0174291924524024e-16,1.1656257556378071e-12,within_reference_resolution,True,elastic,False
m3_j2,3,DSIGMA_DP,3,nu,2,2,274.9260355029585,274.92604141545013,5.91249164472174e-06,2.1505753381096307e-08,relative,True,elastic,False
m3_j2,3,DSIGMA_DP,3,SIGY0,3,3,0.0,0.0,0.0,,within_reference_resolution,True,elastic,False
m3_j2,3,DSIGMA_DP,3,H,4,4,0.0,0.0,0.0,,within_reference_resolution,True,elastic,False
m3_j2,3,DSIGMA_DP,4,E,1,1,0.0,0.0,0.0,,within_reference_resolution,True,elastic,False
m3_j2,3,DSIGMA_DP,4,nu,2,2,0.0,0.0,0.0,,within_reference_resolution,True,elastic,False
m3_j2,3,DSIGMA_DP,4,SIGY0,3,3,0.0,0.0,0.0,,within_reference_resolution,True,elastic,False
m3_j2,3,DSIGMA_DP,4,H,4,4,0.0,0.0,0.0,,within_reference_resolution,True,elastic,False
m3_j2,3,DSIGMA_DP,5,E,1,1,0.0,0.0,0.0,,within_reference_resolution,True,elastic,False
m3_j2,3,DSIGMA_DP,5,nu,2,2,0.0,0.0,0.0,,within_reference_resolution,True,elastic,False
m3_j2,3,DSIGMA_DP,5,SIGY0,3,3,0.0,0.0,0.0,,within_reference_resolution,True,elastic,False
m3_j2,3,DSIGMA_DP,5,H,4,4,0.0,0.0,0.0,,within_reference_resolution,True,elastic,False
m3_j2,3,DSIGMA_DP,6,E,1,1,0.0,0.0,0.0,,within_reference_resolution,True,elastic,False
m3_j2,3,DSIGMA_DP,6,nu,2,2,0.0,0.0,0.0,,within_reference_resolution,True,elastic,False
m3_j2,3,DSIGMA_DP,6,SIGY0,3,3,0.0,0.0,0.0,,within_reference_resolution,True,elastic,False
m3_j2,3,DSIGMA_DP,6,H,4,4,0.0,0.0,0.0,,within_reference_resolution,True,elastic,False
m3_j2,4,DSIGMA_DP,1,E,1,1,0.0005384615384615384,0.0005384615384617151,1.7661653389788867e-16,3.280021343816857e-13,within_reference_resolution,True,elastic,False
m3_j2,4,DSIGMA_DP,1,nu,2,2,316.8639053254437,316.8639131821749,7.856731201627554e-06,2.4795285530386276e-08,relative,True,elastic,False
m3_j2,4,DSIGMA_DP,1,SIGY0,3,3,0.0,0.0,0.0,,within_reference_resolution,True,elastic,False
m3_j2,4,DSIGMA_DP,1,H,4,4,0.0,0.0,0.0,,within_reference_resolution,True,elastic,False
m3_j2,4,DSIGMA_DP,2,E,1,1,0.0002307692307692308,0.00023076923076933062,9.982791503160282e-17,4.3258763180342505e-13,within_reference_resolution,True,elastic,False
m3_j2,4,DSIGMA_DP,2,nu,2,2,366.568047337278,366.5680552205212,7.88324319955791e-06,2.1505537886588296e-08,relative,True,elastic,False
m3_j2,4,DSIGMA_DP,2,SIGY0,3,3,0.0,0.0,0.0,,within_reference_resolution,True,elastic,False
m3_j2,4,DSIGMA_DP,2,H,4,4,0.0,0.0,0.0,,within_reference_resolution,True,elastic,False
m3_j2,4,DSIGMA_DP,3,E,1,1,0.0002307692307692308,0.00023076923076933062,9.982791503160282e-17,4.3258763180342505e-13,within_reference_resolution,True,elastic,False
m3_j2,4,DSIGMA_DP,3,nu,2,2,366.568047337278,366.5680552205212,7.88324319955791e-06,2.1505537886588296e-08,relative,True,elastic,False
m3_j2,4,DSIGMA_DP,3,SIGY0,3,3,0.0,0.0,0.0,,within_reference_resolution,True,elastic,False
m3_j2,4,DSIGMA_DP,3,H,4,4,0.0,0.0,0.0,,within_reference_resolution,True,elastic,False
m3_j2,4,DSIGMA_DP,4,E,1,1,0.0,0.0,0.0,,within_reference_resolution,True,elastic,False
m3_j2,4,DSIGMA_DP,4,nu,2,2,0.0,0.0,0.0,,within_reference_resolution,True,elastic,False
m3_j2,4,DSIGMA_DP,4,SIGY0,3,3,0.0,0.0,0.0,,within_reference_resolution,True,elastic,False
m3_j2,4,DSIGMA_DP,4,H,4,4,0.0,0.0,0.0,,within_reference_resolution,True,elastic,False
m3_j2,4,DSIGMA_DP,5,E,1,1,0.0,0.0,0.0,,within_reference_resolution,True,elastic,False
m3_j2,4,DSIGMA_DP,5,nu,2,2,0.0,0.0,0.0,,within_reference_resolution,True,elastic,False
m3_j2,4,DSIGMA_DP,5,SIGY0,3,3,0.0,0.0,0.0,,within_reference_resolution,True,elastic,False
m3_j2,4,DSIGMA_DP,5,H,4,4,0.0,0.0,0.0,,within_reference_resolution,True,elastic,False
m3_j2,4,DSIGMA_DP,6,E,1,1,0.0,0.0,0.0,,within_reference_resolution,True,elastic,False
m3_j2,4,DSIGMA_DP,6,nu,2,2,0.0,0.0,0.0,,within_reference_resolution,True,elastic,False
m3_j2,4,DSIGMA_DP,6,SIGY0,3,3,0.0,0.0,0.0,,within_reference_resolution,True,elastic,False
m3_j2,4,DSIGMA_DP,6,H,4,4,0.0,0.0,0.0,,within_reference_resolution,True,elastic,False
m3_j2,5,DSIGMA_DP,1,E,1,1,0.000673076923076923,0.0006730769230771438,2.207435623180487e-16,3.279618640152791e-13,within_reference_resolution,True,elastic,False
m3_j2,5,DSIGMA_DP,1,nu,2,2,396.0798816568047,396.07989147754097,9.820736295296228e-06,2.479483686652418e-08,relative,True,elastic,False
m3_j2,5,DSIGMA_DP,1,SIGY0,3,3,0.0,0.0,0.0,,within_reference_resolution,True,elastic,False
m3_j2,5,DSIGMA_DP,1,H,4,4,0.0,0.0,0.0,,within_reference_resolution,True,elastic,False
m3_j2,5,DSIGMA_DP,2,E,1,1,0.0002884615384615384,0.0002884615384615364,2.0057740190981832e-18,6.953349932873752e-15,within_reference_resolution,True,elastic,False
m3_j2,5,DSIGMA_DP,2,nu,2,2,458.2100591715975,458.21006902559225,9.85399475439408e-06,2.1505408589883493e-08,relative,True,elastic,False
m3_j2,5,DSIGMA_DP,2,SIGY0,3,3,0.0,0.0,0.0,,within_reference_resolution,True,elastic,False
m3_j2,5,DSIGMA_DP,2,H,4,4,0.0,0.0,0.0,,within_reference_resolution,True,elastic,False
m3_j2,5,DSIGMA_DP,3,E,1,1,0.0002884615384615384,0.0002884615384615364,2.0057740190981832e-18,6.953349932873752e-15,within_reference_resolution,True,elastic,False
m3_j2,5,DSIGMA_DP,3,nu,2,2,458.2100591715975,458.21006902559225,9.85399475439408e-06,2.1505408589883493e-08,relative,True,elastic,False
m3_j2,5,DSIGMA_DP,3,SIGY0,3,3,0.0,0.0,0.0,,within_reference_resolution,True,elastic,False
m3_j2,5,DSIGMA_DP,3,H,4,4,0.0,0.0,0.0,,within_reference_resolution,True,elastic,False
m3_j2,5,DSIGMA_DP,4,E,1,1,0.0,0.0,0.0,,within_reference_resolution,True,elastic,False
m3_j2,5,DSIGMA_DP,4,nu,2,2,0.0,0.0,0.0,,within_reference_resolution,True,elastic,False
m3_j2,5,DSIGMA_DP,4,SIGY0,3,3,0.0,0.0,0.0,,within_reference_resolution,True,elastic,False
m3_j2,5,DSIGMA_DP,4,H,4,4,0.0,0.0,0.0,,within_reference_resolution,True,elastic,False
m3_j2,5,DSIGMA_DP,5,E,1,1,0.0,0.0,0.0,,within_reference_resolution,True,elastic,False
m3_j2,5,DSIGMA_DP,5,nu,2,2,0.0,0.0,0.0,,within_reference_resolution,True,elastic,False
m3_j2,5,DSIGMA_DP,5,SIGY0,3,3,0.0,0.0,0.0,,within_reference_resolution,True,elastic,False
m3_j2,5,DSIGMA_DP,5,H,4,4,0.0,0.0,0.0,,within_reference_resolution,True,elastic,False
m3_j2,5,DSIGMA_DP,6,E,1,1,0.0,0.0,0.0,,within_reference_resolution,True,elastic,False
m3_j2,5,DSIGMA_DP,6,nu,2,2,0.0,0.0,0.0,,within_reference_resolution,True,elastic,False
m3_j2,5,DSIGMA_DP,6,SIGY0,3,3,0.0,0.0,0.0,,within_reference_resolution,True,elastic,False
m3_j2,5,DSIGMA_DP,6,H,4,4,0.0,0.0,0.0,,within_reference_resolution,True,elastic,False
m3_j2,6,DSIGMA_DP,1,E,1,1,0.0008076923076923077,0.0008076923076925725,2.6487059073820873e-16,3.279350171043414e-13,within_reference_resolution,True,elastic,False
m3_j2,6,DSIGMA_DP,1,nu,2,2,475.2958579881656,475.29586977314386,1.1784978255491296e-05,2.4795036113223962e-08,relative,True,elastic,False
m3_j2,6,DSIGMA_DP,1,SIGY0,3,3,0.0,0.0,0.0,,within_reference_resolution,True,elastic,False
m3_j2,6,DSIGMA_DP,1,H,4,4,0.0,0.0,0.0,,within_reference_resolution,True,elastic,False
m3_j2,6,DSIGMA_DP,2,E,1,1,0.0003461538461538461,0.00034615384615391135,6.526897078362737e-17,1.885548044859991e-13,within_reference_resolution,True,elastic,False
m3_j2,6,DSIGMA_DP,2,nu,2,2,549.8520710059171,549.8520828306633,1.182474625238683e-05,2.1505322288700814e-08,relative,True,elastic,False
m3_j2,6,DSIGMA_DP,2,SIGY0,3,3,0.0,0.0,0.0,,within_reference_resolution,True,elastic,False
m3_j2,6,DSIGMA_DP,2,H,4,4,0.0,0.0,0.0,,within_reference_resolution,True,elastic,False
m3_j2,6,DSIGMA_DP,3,E,1,1,0.0003461538461538461,0.00034615384615391135,6.526897078362737e-17,1.885548044859991e-13,within_reference_resolution,True,elastic,False
m3_j2,6,DSIGMA_DP,3,nu,2,2,549.8520710059171,549.8520828306633,1.182474625238683e-05,2.1505322288700814e-08,relative,True,elastic,False
m3_j2,6,DSIGMA_DP,3,SIGY0,3,3,0.0,0.0,0.0,,within_reference_resolution,True,elastic,False
m3_j2,6,DSIGMA_DP,3,H,4,4,0.0,0.0,0.0,,within_reference_resolution,True,elastic,False
m3_j2,6,DSIGMA_DP,4,E,1,1,0.0,0.0,0.0,,within_reference_resolution,True,elastic,False
m3_j2,6,DSIGMA_DP,4,nu,2,2,0.0,0.0,0.0,,within_reference_resolution,True,elastic,False
m3_j2,6,DSIGMA_DP,4,SIGY0,3,3,0.0,0.0,0.0,,within_reference_resolution,True,elastic,False
m3_j2,6,DSIGMA_DP,4,H,4,4,0.0,0.0,0.0,,within_reference_resolution,True,elastic,False
m3_j2,6,DSIGMA_DP,5,E,1,1,0.0,0.0,0.0,,within_reference_resolution,True,elastic,False
m3_j2,6,DSIGMA_DP,5,nu,2,2,0.0,0.0,0.0,,within_reference_resolution,True,elastic,False
m3_j2,6,DSIGMA_DP,5,SIGY0,3,3,0.0,0.0,0.0,,within_reference_resolution,True,elastic,False
m3_j2,6,DSIGMA_DP,5,H,4,4,0.0,0.0,0.0,,within_reference_resolution,True,elastic,False
m3_j2,6,DSIGMA_DP,6,E,1,1,0.0,0.0,0.0,,within_reference_resolution,True,elastic,False
m3_j2,6,DSIGMA_DP,6,nu,2,2,0.0,0.0,0.0,,within_reference_resolution,True,elastic,False
m3_j2,6,DSIGMA_DP,6,SIGY0,3,3,0.0,0.0,0.0,,within_reference_resolution,True,elastic,False
m3_j2,6,DSIGMA_DP,6,H,4,4,0.0,0.0,0.0,,within_reference_resolution,True,elastic,False
m3_j2,7,DSIGMA_DP,1,E,1,1,0.0009423076923076923,0.0009423076923080013,3.0899761915836876e-16,3.2791584073938584e-13,within_reference_resolution,True,elastic,False
m3_j2,7,DSIGMA_DP,1,nu,2,2,554.5118343195265,554.5118480687469,1.3749220329373202e-05,2.479517863731671e-08,relative,True,elastic,False
m3_j2,7,DSIGMA_DP,1,SIGY0,3,3,0.0,0.0,0.0,,within_reference_resolution,True,elastic,False
m3_j2,7,DSIGMA_DP,1,H,4,4,0.0,0.0,0.0,,within_reference_resolution,True,elastic,False
m3_j2,7,DSIGMA_DP,2,E,1,1,0.0004038461538461538,0.00040384615384628626,1.3248950547772864e-16,3.2806925165903003e-13,within_reference_resolution,True,elastic,False
m3_j2,7,DSIGMA_DP,2,nu,2,2,641.4940828402366,641.4940966356161,1.3795379459224932e-05,2.1505076245559024e-08,relative,True,elastic,False
m3_j2,7,DSIGMA_DP,2,SIGY0,3,3,0.0,0.0,0.0,,within_reference_resolution,True,elastic,False
m3_j2,7,DSIGMA_DP,2,H,4,4,0.0,0.0,0.0,,within_reference_resolution,True,elastic,False
m3_j2,7,DSIGMA_DP,3,E,1,1,0.0004038461538461538,0.00040384615384628626,1.3248950547772864e-16,3.2806925165903003e-13,within_reference_resolution,True,elastic,False
m3_j2,7,DSIGMA_DP,3,nu,2,2,641.4940828402366,641.4940966356161,1.3795379459224932e-05,2.1505076245559024e-08,relative,True,elastic,False
m3_j2,7,DSIGMA_DP,3,SIGY0,3,3,0.0,0.0,0.0,,within_reference_resolution,True,elastic,False
m3_j2,7,DSIGMA_DP,3,H,4,4,0.0,0.0,0.0,,within_reference_resolution,True,elastic,False
m3_j2,7,DSIGMA_DP,4,E,1,1,0.0,0.0,0.0,,within_reference_resolution,True,elastic,False
m3_j2,7,DSIGMA_DP,4,nu,2,2,0.0,0.0,0.0,,within_reference_resolution,True,elastic,False
m3_j2,7,DSIGMA_DP,4,SIGY0,3,3,0.0,0.0,0.0,,within_reference_resolution,True,elastic,False
m3_j2,7,DSIGMA_DP,4,H,4,4,0.0,0.0,0.0,,within_reference_resolution,True,elastic,False
m3_j2,7,DSIGMA_DP,5,E,1,1,0.0,0.0,0.0,,within_reference_resolution,True,elastic,False
m3_j2,7,DSIGMA_DP,5,nu,2,2,0.0,0.0,0.0,,within_reference_resolution,True,elastic,False
m3_j2,7,DSIGMA_DP,5,SIGY0,3,3,0.0,0.0,0.0,,within_reference_resolution,True,elastic,False
m3_j2,7,DSIGMA_DP,5,H,4,4,0.0,0.0,0.0,,within_reference_resolution,True,elastic,False
m3_j2,7,DSIGMA_DP,6,E,1,1,0.0,0.0,0.0,,within_reference_resolution,True,elastic,False
m3_j2,7,DSIGMA_DP,6,nu,2,2,0.0,0.0,0.0,,within_reference_resolution,True,elastic,False
m3_j2,7,DSIGMA_DP,6,SIGY0,3,3,0.0,0.0,0.0,,within_reference_resolution,True,elastic,False
m3_j2,7,DSIGMA_DP,6,H,4,4,0.0,0.0,0.0,,within_reference_resolution,True,elastic,False
m3_j2,8,DSIGMA_DP,1,E,1,1,0.001076923076923077,0.0010769230769234301,3.5301622736128024e-16,3.2780078254965273e-13,within_reference_resolution,True,elastic,False
m3_j2,8,DSIGMA_DP,1,nu,2,2,633.7278106508875,633.7278263643498,1.571346228956827e-05,2.4795285350992483e-08,relative,True,elastic,False
m3_j2,8,DSIGMA_DP,1,SIGY0,3,3,0.0,0.0,0.0,,within_reference_resolution,True,elastic,False
m3_j2,8,DSIGMA_DP,1,H,4,4,0.0,0.0,0.0,,within_reference_resolution,True,elastic,False
m3_j2,8,DSIGMA_DP,2,E,1,1,0.0004615384615384615,0.00046153846153866124,1.997642502804542e-16,4.3282254227413013e-13,within_reference_resolution,True,elastic,False
m3_j2,8,DSIGMA_DP,2,nu,2,2,733.1360946745561,733.1361104408055,1.576624936205917e-05,2.1505214567291676e-08,relative,True,elastic,False
m3_j2,8,DSIGMA_DP,2,SIGY0,3,3,0.0,0.0,0.0,,within_reference_resolution,True,elastic,False
m3_j2,8,DSIGMA_DP,2,H,4,4,0.0,0.0,0.0,,within_reference_resolution,True,elastic,False
m3_j2,8,DSIGMA_DP,3,E,1,1,0.0004615384615384615,0.00046153846153866124,1.997642502804542e-16,4.3282254227413013e-13,within_reference_resolution,True,elastic,False
m3_j2,8,DSIGMA_DP,3,nu,2,2,733.1360946745561,733.1361104408055,1.576624936205917e-05,2.1505214567291676e-08,relative,True,elastic,False
m3_j2,8,DSIGMA_DP,3,SIGY0,3,3,0.0,0.0,0.0,,within_reference_resolution,True,elastic,False
m3_j2,8,DSIGMA_DP,3,H,4,4,0.0,0.0,0.0,,within_reference_resolution,True,elastic,False
m3_j2,8,DSIGMA_DP,4,E,1,1,0.0,0.0,0.0,,within_reference_resolution,True,elastic,False
m3_j2,8,DSIGMA_DP,4,nu,2,2,0.0,0.0,0.0,,within_reference_resolution,True,elastic,False
m3_j2,8,DSIGMA_DP,4,SIGY0,3,3,0.0,0.0,0.0,,within_reference_resolution,True,elastic,False
m3_j2,8,DSIGMA_DP,4,H,4,4,0.0,0.0,0.0,,within_reference_resolution,True,elastic,False
m3_j2,8,DSIGMA_DP,5,E,1,1,0.0,0.0,0.0,,within_reference_resolution,True,elastic,False
m3_j2,8,DSIGMA_DP,5,nu,2,2,0.0,0.0,0.0,,within_reference_resolution,True,elastic,False
m3_j2,8,DSIGMA_DP,5,SIGY0,3,3,0.0,0.0,0.0,,within_reference_resolution,True,elastic,False
m3_j2,8,DSIGMA_DP,5,H,4,4,0.0,0.0,0.0,,within_reference_resolution,True,elastic,False
m3_j2,8,DSIGMA_DP,6,E,1,1,0.0,0.0,0.0,,within_reference_resolution,True,elastic,False
m3_j2,8,DSIGMA_DP,6,nu,2,2,0.0,0.0,0.0,,within_reference_resolution,True,elastic,False
m3_j2,8,DSIGMA_DP,6,SIGY0,3,3,0.0,0.0,0.0,,within_reference_resolution,True,elastic,False
m3_j2,8,DSIGMA_DP,6,H,4,4,0.0,0.0,0.0,,within_reference_resolution,True,elastic,False
m3_j2,9,DSIGMA_DP,1,E,1,1,0.001211538461538461,0.0012115384615388588,3.9790219730218013e-16,3.28427210471533e-13,within_reference_resolution,True,elastic,False
m3_j2,9,DSIGMA_DP,1,nu,2,2,712.9437869822484,712.9438046599527,1.7677704249763337e-05,2.4795368350518085e-08,relative,True,elastic,False
m3_j2,9,DSIGMA_DP,1,SIGY0,3,3,0.0,0.0,0.0,,within_reference_resolution,True,elastic,False
m3_j2,9,DSIGMA_DP,1,H,4,4,0.0,0.0,0.0,,within_reference_resolution,True,elastic,False
m3_j2,9,DSIGMA_DP,2,E,1,1,0.0005192307692307692,0.0005192307692310362,2.669305748659312e-16,5.14088514556344e-13,within_reference_resolution,True,elastic,False
m3_j2,9,DSIGMA_DP,2,nu,2,2,824.7781065088757,824.7781242459951,1.7737119378580246e-05,2.1505322288700814e-08,relative,True,elastic,False
m3_j2,9,DSIGMA_DP,2,SIGY0,3,3,0.0,0.0,0.0,,within_reference_resolution,True,elastic,False
m3_j2,9,DSIGMA_DP,2,H,4,4,0.0,0.0,0.0,,within_reference_resolution,True,elastic,False
m3_j2,9,DSIGMA_DP,3,E,1,1,0.0005192307692307692,0.0005192307692310362,2.669305748659312e-16,5.14088514556344e-13,within_reference_resolution,True,elastic,False
m3_j2,9,DSIGMA_DP,3,nu,2,2,824.7781065088757,824.7781242459951,1.7737119378580246e-05,2.1505322288700814e-08,relative,True,elastic,False
m3_j2,9,DSIGMA_DP,3,SIGY0,3,3,0.0,0.0,0.0,,within_reference_resolution,True,elastic,False
m3_j2,9,DSIGMA_DP,3,H,4,4,0.0,0.0,0.0,,within_reference_resolution,True,elastic,False
m3_j2,9,DSIGMA_DP,4,E,1,1,0.0,0.0,0.0,,within_reference_resolution,True,elastic,False
m3_j2,9,DSIGMA_DP,4,nu,2,2,0.0,0.0,0.0,,within_reference_resolution,True,elastic,False
m3_j2,9,DSIGMA_DP,4,SIGY0,3,3,0.0,0.0,0.0,,within_reference_resolution,True,elastic,False
m3_j2,9,DSIGMA_DP,4,H,4,4,0.0,0.0,0.0,,within_reference_resolution,True,elastic,False
m3_j2,9,DSIGMA_DP,5,E,1,1,0.0,0.0,0.0,,within_reference_resolution,True,elastic,False
m3_j2,9,DSIGMA_DP,5,nu,2,2,0.0,0.0,0.0,,within_reference_resolution,True,elastic,False
m3_j2,9,DSIGMA_DP,5,SIGY0,3,3,0.0,0.0,0.0,,within_reference_resolution,True,elastic,False
m3_j2,9,DSIGMA_DP,5,H,4,4,0.0,0.0,0.0,,within_reference_resolution,True,elastic,False
m3_j2,9,DSIGMA_DP,6,E,1,1,0.0,0.0,0.0,,within_reference_resolution,True,elastic,False
m3_j2,9,DSIGMA_DP,6,nu,2,2,0.0,0.0,0.0,,within_reference_resolution,True,elastic,False
m3_j2,9,DSIGMA_DP,6,SIGY0,3,3,0.0,0.0,0.0,,within_reference_resolution,True,elastic,False
m3_j2,9,DSIGMA_DP,6,H,4,4,0.0,0.0,0.0,,within_reference_resolution,True,elastic,False
m3_j2,10,DSIGMA_DP,1,E,1,1,0.001346153846153846,0.0013461538461542876,4.414871246360974e-16,3.279618640152791e-13,within_reference_resolution,True,elastic,False
m3_j2,10,DSIGMA_DP,1,nu,2,2,792.1597633136093,792.1597829560293,1.964241994301119e-05,2.479603277726798e-08,relative,True,elastic,False
m3_j2,10,DSIGMA_DP,1,SIGY0,3,3,0.0,0.0,0.0,,within_reference_resolution,True,elastic,False
m3_j2,10,DSIGMA_DP,1,H,4,4,0.0,0.0,0.0,,within_reference_resolution,True,elastic,False
m3_j2,10,DSIGMA_DP,2,E,1,1,0.0005769230769230769,0.0005769230769234111,3.34259529777281e-16,5.793831849469515e-13,within_reference_resolution,True,elastic,False
m3_j2,10,DSIGMA_DP,2,nu,2,2,916.4201183431952,916.4201380511845,1.9707989281414484e-05,2.1505408341772756e-08,relative,True,elastic,False
m3_j2,10,DSIGMA_DP,2,SIGY0,3,3,0.0,0.0,0.0,,within_reference_resolution,True,elastic,False
m3_j2,10,DSIGMA_DP,2,H,4,4,0.0,0.0,0.0,,within_reference_resolution,True,elastic,False
m3_j2,10,DSIGMA_DP,3,E,1,1,0.0005769230769230769,0.0005769230769234111,3.34259529777281e-16,5.793831849469515e-13,within_reference_resolution,True,elastic,False
m3_j2,10,DSIGMA_DP,3,nu,2,2,916.4201183431952,916.4201380511845,1.9707989281414484e-05,2.1505408341772756e-08,relative,True,elastic,False
m3_j2,10,DSIGMA_DP,3,SIGY0,3,3,0.0,0.0,0.0,,within_reference_resolution,True,elastic,False
m3_j2,10,DSIGMA_DP,3,H,4,4,0.0,0.0,0.0,,within_reference_resolution,True,elastic,False
m3_j2,10,DSIGMA_DP,4,E,1,1,0.0,0.0,0.0,,within_reference_resolution,True,elastic,False
m3_j2,10,DSIGMA_DP,4,nu,2,2,0.0,0.0,0.0,,within_reference_resolution,True,elastic,False
m3_j2,10,DSIGMA_DP,4,SIGY0,3,3,0.0,0.0,0.0,,within_reference_resolution,True,elastic,False
m3_j2,10,DSIGMA_DP,4,H,4,4,0.0,0.0,0.0,,within_reference_resolution,True,elastic,False
m3_j2,10,DSIGMA_DP,5,E,1,1,0.0,0.0,0.0,,within_reference_resolution,True,elastic,False
m3_j2,10,DSIGMA_DP,5,nu,2,2,0.0,0.0,0.0,,within_reference_resolution,True,elastic,False
m3_j2,10,DSIGMA_DP,5,SIGY0,3,3,0.0,0.0,0.0,,within_reference_resolution,True,elastic,False
m3_j2,10,DSIGMA_DP,5,H,4,4,0.0,0.0,0.0,,within_reference_resolution,True,elastic,False
m3_j2,10,DSIGMA_DP,6,E,1,1,0.0,0.0,0.0,,within_reference_resolution,True,elastic,False
m3_j2,10,DSIGMA_DP,6,nu,2,2,0.0,0.0,0.0,,within_reference_resolution,True,elastic,False
m3_j2,10,DSIGMA_DP,6,SIGY0,3,3,0.0,0.0,0.0,,within_reference_resolution,True,elastic,False
m3_j2,10,DSIGMA_DP,6,H,4,4,0.0,0.0,0.0,,within_reference_resolution,True,elastic,False
m3_j2,11,DSIGMA_DP,1,E,1,1,0.00148076923076923,0.0014807692307697163,4.863730945769973e-16,3.284597521817606e-13,within_reference_resolution,True,elastic,False
m3_j2,11,DSIGMA_DP,1,nu,2,2,871.3757396449703,871.3757612516322,2.160666190320626e-05,2.479603273812752e-08,relative,True,elastic,False
m3_j2,11,DSIGMA_DP,1,SIGY0,3,3,0.0,0.0,0.0,,within_reference_resolution,True,elastic,False
m3_j2,11,DSIGMA_DP,1,H,4,4,0.0,0.0,0.0,,within_reference_resolution,True,elastic,False
m3_j2,11,DSIGMA_DP,2,E,1,1,0.0006346153846153845,0.0006346153846157861,4.0158848468863084e-16,6.328060970847149e-13,within_reference_resolution,True,elastic,False
m3_j2,11,DSIGMA_DP,2,nu,2,2,1008.062130177515,1008.062151856374,2.1678859070561884e-05,2.150547863605401e-08,relative,True,elastic,False
m3_j2,11,DSIGMA_DP,2,SIGY0,3,3,0.0,0.0,0.0,,within_reference_resolution,True,elastic,False
m3_j2,11,DSIGMA_DP,2,H,4,4,0.0,0.0,0.0,,within_reference_resolution,True,elastic,False
m3_j2,11,DSIGMA_DP,3,E,1,1,0.0006346153846153845,0.0006346153846157861,4.0158848468863084e-16,6.328060970847149e-13,within_reference_resolution,True,elastic,False
m3_j2,11,DSIGMA_DP,3,nu,2,2,1008.062130177515,1008.062151856374,2.1678859070561884e-05,2.150547863605401e-08,relative,True,elastic,False
m3_j2,11,DSIGMA_DP,3,SIGY0,3,3,0.0,0.0,0.0,,within_reference_resolution,True,elastic,False
m3_j2,11,DSIGMA_DP,3,H,4,4,0.0,0.0,0.0,,within_reference_resolution,True,elastic,False
m3_j2,11,DSIGMA_DP,4,E,1,1,0.0,0.0,0.0,,within_reference_resolution,True,elastic,False
m3_j2,11,DSIGMA_DP,4,nu,2,2,0.0,0.0,0.0,,within_reference_resolution,True,elastic,False
m3_j2,11,DSIGMA_DP,4,SIGY0,3,3,0.0,0.0,0.0,,within_reference_resolution,True,elastic,False
m3_j2,11,DSIGMA_DP,4,H,4,4,0.0,0.0,0.0,,within_reference_resolution,True,elastic,False
m3_j2,11,DSIGMA_DP,5,E,1,1,0.0,0.0,0.0,,within_reference_resolution,True,elastic,False
m3_j2,11,DSIGMA_DP,5,nu,2,2,0.0,0.0,0.0,,within_reference_resolution,True,elastic,False
m3_j2,11,DSIGMA_DP,5,SIGY0,3,3,0.0,0.0,0.0,,within_reference_resolution,True,elastic,False
m3_j2,11,DSIGMA_DP,5,H,4,4,0.0,0.0,0.0,,within_reference_resolution,True,elastic,False
m3_j2,11,DSIGMA_DP,6,E,1,1,0.0,0.0,0.0,,within_reference_resolution,True,elastic,False
m3_j2,11,DSIGMA_DP,6,nu,2,2,0.0,0.0,0.0,,within_reference_resolution,True,elastic,False
m3_j2,11,DSIGMA_DP,6,SIGY0,3,3,0.0,0.0,0.0,,within_reference_resolution,True,elastic,False
m3_j2,11,DSIGMA_DP,6,H,4,4,0.0,0.0,0.0,,within_reference_resolution,True,elastic,False
m3_j2,12,DSIGMA_DP,1,E,1,1,0.001615384615384615,0.001615384615385145,5.299580219109146e-16,3.2806925165903003e-13,within_reference_resolution,True,elastic,False
m3_j2,12,DSIGMA_DP,1,nu,2,2,950.5917159763312,950.5917395472352,2.3570903977088165e-05,2.4796032825106324e-08,relative,True,elastic,False
m3_j2,12,DSIGMA_DP,1,SIGY0,3,3,0.0,0.0,0.0,,within_reference_resolution,True,elastic,False
m3_j2,12,DSIGMA_DP,1,H,4,4,0.0,0.0,0.0,,within_reference_resolution,True,elastic,False
m3_j2,12,DSIGMA_DP,2,E,1,1,0.0006923076923076922,0.0006923076923084993,8.071885174154581e-16,1.1659389695987469e-12,within_reference_resolution,True,elastic,False
m3_j2,12,DSIGMA_DP,2,nu,2,2,1099.704142011834,1099.7041656618005,2.364996657888696e-05,2.1505753381096307e-08,relative,True,elastic,False
m3_j2,12,DSIGMA_DP,2,SIGY0,3,3,0.0,0.0,0.0,,within_reference_resolution,True,elastic,False
m3_j2,12,DSIGMA_DP,2,H,4,4,0.0,0.0,0.0,,within_reference_resolution,True,elastic,False
m3_j2,12,DSIGMA_DP,3,E,1,1,0.0006923076923076922,0.0006923076923084993,8.071885174154581e-16,1.1659389695987469e-12,within_reference_resolution,True,elastic,False
m3_j2,12,DSIGMA_DP,3,nu,2,2,1099.704142011834,1099.7041656618005,2.364996657888696e-05,2.1505753381096307e-08,relative,True,elastic,False
m3_j2,12,DSIGMA_DP,3,SIGY0,3,3,0.0,0.0,0.0,,within_reference_resolution,True,elastic,False
m3_j2,12,DSIGMA_DP,3,H,4,4,0.0,0.0,0.0,,within_reference_resolution,True,elastic,False
m3_j2,12,DSIGMA_DP,4,E,1,1,0.0,0.0,0.0,,within_reference_resolution,True,elastic,False
m3_j2,12,DSIGMA_DP,4,nu,2,2,0.0,0.0,0.0,,within_reference_resolution,True,elastic,False
m3_j2,12,DSIGMA_DP,4,SIGY0,3,3,0.0,0.0,0.0,,within_reference_resolution,True,elastic,False
m3_j2,12,DSIGMA_DP,4,H,4,4,0.0,0.0,0.0,,within_reference_resolution,True,elastic,False
m3_j2,12,DSIGMA_DP,5,E,1,1,0.0,0.0,0.0,,within_reference_resolution,True,elastic,False
m3_j2,12,DSIGMA_DP,5,nu,2,2,0.0,0.0,0.0,,within_reference_resolution,True,elastic,False
m3_j2,12,DSIGMA_DP,5,SIGY0,3,3,0.0,0.0,0.0,,within_reference_resolution,True,elastic,False
m3_j2,12,DSIGMA_DP,5,H,4,4,0.0,0.0,0.0,,within_reference_resolution,True,elastic,False
m3_j2,12,DSIGMA_DP,6,E,1,1,0.0,0.0,0.0,,within_reference_resolution,True,elastic,False
m3_j2,12,DSIGMA_DP,6,nu,2,2,0.0,0.0,0.0,,within_reference_resolution,True,elastic,False
m3_j2,12,DSIGMA_DP,6,SIGY0,3,3,0.0,0.0,0.0,,within_reference_resolution,True,elastic,False
m3_j2,12,DSIGMA_DP,6,H,4,4,0.0,0.0,0.0,,within_reference_resolution,True,elastic,False
m3_j2,13,DSIGMA_DP,1,E,1,1,0.001749999999999999,0.0017500000000005738,5.748439918518145e-16,3.2848228105807197e-13,within_reference_resolution,True,elastic,False
m3_j2,13,DSIGMA_DP,1,nu,2,2,1029.807692307692,1029.8077178428382,2.5535146278343746e-05,2.4796033119496132e-08,relative,True,elastic,False
m3_j2,13,DSIGMA_DP,1,SIGY0,3,3,0.0,0.0,0.0,,within_reference_resolution,True,elastic,False
m3_j2,13,DSIGMA_DP,1,H,4,4,0.0,0.0,0.0,,within_reference_resolution,True,elastic,False
m3_j2,13,DSIGMA_DP,2,E,1,1,0.0007499999999999998,0.0007500000000012127,1.2128969703595338e-15,1.6171959604767636e-12,within_reference_resolution,True,elastic,False
m3_j2,13,DSIGMA_DP,2,nu,2,2,1191.346153846154,1191.3461794672269,2.5621072836656822e-05,2.150598480797129e-08,relative,True,elastic,False
m3_j2,13,DSIGMA_DP,2,SIGY0,3,3,0.0,0.0,0.0,,within_reference_resolution,True,elastic,False
m3_j2,13,DSIGMA_DP,2,H,4,4,0.0,0.0,0.0,,within_reference_resolution,True,elastic,False
m3_j2,13,DSIGMA_DP,3,E,1,1,0.0007499999999999998,0.0007500000000012127,1.2128969703595338e-15,1.6171959604767636e-12,within_reference_resolution,True,elastic,False
m3_j2,13,DSIGMA_DP,3,nu,2,2,1191.346153846154,1191.3461794672269,2.5621072836656822e-05,2.150598480797129e-08,relative,True,elastic,False
m3_j2,13,DSIGMA_DP,3,SIGY0,3,3,0.0,0.0,0.0,,within_reference_resolution,True,elastic,False
m3_j2,13,DSIGMA_DP,3,H,4,4,0.0,0.0,0.0,,within_reference_resolution,True,elastic,False
m3_j2,13,DSIGMA_DP,4,E,1,1,0.0,0.0,0.0,,within_reference_resolution,True,elastic,False
m3_j2,13,DSIGMA_DP,4,nu,2,2,0.0,0.0,0.0,,within_reference_resolution,True,elastic,False
m3_j2,13,DSIGMA_DP,4,SIGY0,3,3,0.0,0.0,0.0,,within_reference_resolution,True,elastic,False
m3_j2,13,DSIGMA_DP,4,H,4,4,0.0,0.0,0.0,,within_reference_resolution,True,elastic,False
m3_j2,13,DSIGMA_DP,5,E,1,1,0.0,0.0,0.0,,within_reference_resolution,True,elastic,False
m3_j2,13,DSIGMA_DP,5,nu,2,2,0.0,0.0,0.0,,within_reference_resolution,True,elastic,False
m3_j2,13,DSIGMA_DP,5,SIGY0,3,3,0.0,0.0,0.0,,within_reference_resolution,True,elastic,False
m3_j2,13,DSIGMA_DP,5,H,4,4,0.0,0.0,0.0,,within_reference_resolution,True,elastic,False
m3_j2,13,DSIGMA_DP,6,E,1,1,0.0,0.0,0.0,,within_reference_resolution,True,elastic,False
m3_j2,13,DSIGMA_DP,6,nu,2,2,0.0,0.0,0.0,,within_reference_resolution,True,elastic,False
m3_j2,13,DSIGMA_DP,6,SIGY0,3,3,0.0,0.0,0.0,,within_reference_resolution,True,elastic,False
m3_j2,13,DSIGMA_DP,6,H,4,4,0.0,0.0,0.0,,within_reference_resolution,True,elastic,False
m3_j2,14,DSIGMA_DP,1,E,1,1,0.001884615384615384,0.0018846153846160025,6.184289191857317e-16,3.281459571188521e-13,within_reference_resolution,True,elastic,False
m3_j2,14,DSIGMA_DP,1,nu,2,2,1109.023668639053,1109.023696138441,2.74993878974783e-05,2.4796032756765833e-08,relative,True,elastic,False
m3_j2,14,DSIGMA_DP,1,SIGY0,3,3,0.0,0.0,0.0,,within_reference_resolution,True,elastic,False
m3_j2,14,DSIGMA_DP,1,H,4,4,0.0,0.0,0.0,,within_reference_resolution,True,elastic,False
m3_j2,14,DSIGMA_DP,2,E,1,1,0.0008076923076923074,0.0008076923076939259,1.618497003086361e-15,2.0038534323886225e-12,within_reference_resolution,True,elastic,False
m3_j2,14,DSIGMA_DP,2,nu,2,2,1282.988165680473,1282.9881932726532,2.759218023129506e-05,2.150618405997391e-08,relative,True,elastic,False
m3_j2,14,DSIGMA_DP,2,SIGY0,3,3,0.0,0.0,0.0,,within_reference_resolution,True,elastic,False
m3_j2,14,DSIGMA_DP,2,H,4,4,0.0,0.0,0.0,,within_reference_resolution,True,elastic,False
m3_j2,14,DSIGMA_DP,3,E,1,1,0.0008076923076923074,0.0008076923076939259,1.618497003086361e-15,2.0038534323886225e-12,within_reference_resolution,True,elastic,False
m3_j2,14,DSIGMA_DP,3,nu,2,2,1282.988165680473,1282.9881932726532,2.759218023129506e-05,2.150618405997391e-08,relative,True,elastic,False
m3_j2,14,DSIGMA_DP,3,SIGY0,3,3,0.0,0.0,0.0,,within_reference_resolution,True,elastic,False
m3_j2,14,DSIGMA_DP,3,H,4,4,0.0,0.0,0.0,,within_reference_resolution,True,elastic,False
m3_j2,14,DSIGMA_DP,4,E,1,1,0.0,0.0,0.0,,within_reference_resolution,True,elastic,False
m3_j2,14,DSIGMA_DP,4,nu,2,2,0.0,0.0,0.0,,within_reference_resolution,True,elastic,False
m3_j2,14,DSIGMA_DP,4,SIGY0,3,3,0.0,0.0,0.0,,within_reference_resolution,True,elastic,False
m3_j2,14,DSIGMA_DP,4,H,4,4,0.0,0.0,0.0,,within_reference_resolution,True,elastic,False
m3_j2,14,DSIGMA_DP,5,E,1,1,0.0,0.0,0.0,,within_reference_resolution,True,elastic,False
m3_j2,14,DSIGMA_DP,5,nu,2,2,0.0,0.0,0.0,,within_reference_resolution,True,elastic,False
m3_j2,14,DSIGMA_DP,5,SIGY0,3,3,0.0,0.0,0.0,,within_reference_resolution,True,elastic,False
m3_j2,14,DSIGMA_DP,5,H,4,4,0.0,0.0,0.0,,within_reference_resolution,True,elastic,False
m3_j2,14,DSIGMA_DP,6,E,1,1,0.0,0.0,0.0,,within_reference_resolution,True,elastic,False
m3_j2,14,DSIGMA_DP,6,nu,2,2,0.0,0.0,0.0,,within_reference_resolution,True,elastic,False
m3_j2,14,DSIGMA_DP,6,SIGY0,3,3,0.0,0.0,0.0,,within_reference_resolution,True,elastic,False
m3_j2,14,DSIGMA_DP,6,H,4,4,0.0,0.0,0.0,,within_reference_resolution,True,elastic,False
m3_j2,15,DSIGMA_DP,1,E,1,1,0.002019230769230768,0.0020192307692314315,6.635317295611287e-16,3.2860618987778456e-13,within_reference_resolution,True,elastic,False
m3_j2,15,DSIGMA_DP,1,nu,2,2,1188.239644970414,1188.239674434044,2.9463629971360206e-05,2.4796032825106324e-08,relative,True,elastic,False
m3_j2,15,DSIGMA_DP,1,SIGY0,3,3,0.0,0.0,0.0,,within_reference_resolution,True,elastic,False
m3_j2,15,DSIGMA_DP,1,H,4,4,0.0,0.0,0.0,,within_reference_resolution,True,elastic,False
m3_j2,15,DSIGMA_DP,2,E,1,1,0.0008653846153846151,0.0008653846153866393,2.0242054560304368e-15,2.3390818602963675e-12,within_reference_resolution,True,elastic,False
m3_j2,15,DSIGMA_DP,2,nu,2,2,1374.630177514792,1374.6302070780796,2.95632876259333e-05,2.1506356745042843e-08,relative,True,elastic,False
m3_j2,15,DSIGMA_DP,2,SIGY0,3,3,0.0,0.0,0.0,,within_reference_resolution,True,elastic,False
m3_j2,15,DSIGMA_DP,2,H,4,4,0.0,0.0,0.0,,within_reference_resolution,True,elastic,False
m3_j2,15,DSIGMA_DP,3,E,1,1,0.0008653846153846151,0.0008653846153866393,2.0242054560304368e-15,2.3390818602963675e-12,within_reference_resolution,True,elastic,False
m3_j2,15,DSIGMA_DP,3,nu,2,2,1374.630177514792,1374.6302070780796,2.95632876259333e-05,2.1506356745042843e-08,relative,True,elastic,False
m3_j2,15,DSIGMA_DP,3,SIGY0,3,3,0.0,0.0,0.0,,within_reference_resolution,True,elastic,False
m3_j2,15,DSIGMA_DP,3,H,4,4,0.0,0.0,0.0,,within_reference_resolution,True,elastic,False
m3_j2,15,DSIGMA_DP,4,E,1,1,0.0,0.0,0.0,,within_reference_resolution,True,elastic,False
m3_j2,15,DSIGMA_DP,4,nu,2,2,0.0,0.0,0.0,,within_reference_resolution,True,elastic,False
m3_j2,15,DSIGMA_DP,4,SIGY0,3,3,0.0,0.0,0.0,,within_reference_resolution,True,elastic,False
m3_j2,15,DSIGMA_DP,4,H,4,4,0.0,0.0,0.0,,within_reference_resolution,True,elastic,False
m3_j2,15,DSIGMA_DP,5,E,1,1,0.0,0.0,0.0,,within_reference_resolution,True,elastic,False
m3_j2,15,DSIGMA_DP,5,nu,2,2,0.0,0.0,0.0,,within_reference_resolution,True,elastic,False
m3_j2,15,DSIGMA_DP,5,SIGY0,3,3,0.0,0.0,0.0,,within_reference_resolution,True,elastic,False
m3_j2,15,DSIGMA_DP,5,H,4,4,0.0,0.0,0.0,,within_reference_resolution,True,elastic,False
m3_j2,15,DSIGMA_DP,6,E,1,1,0.0,0.0,0.0,,within_reference_resolution,True,elastic,False
m3_j2,15,DSIGMA_DP,6,nu,2,2,0.0,0.0,0.0,,within_reference_resolution,True,elastic,False
m3_j2,15,DSIGMA_DP,6,SIGY0,3,3,0.0,0.0,0.0,,within_reference_resolution,True,elastic,False
m3_j2,15,DSIGMA_DP,6,H,4,4,0.0,0.0,0.0,,within_reference_resolution,True,elastic,False
m3_j2,16,DSIGMA_DP,1,E,1,1,0.001339832274806641,0.0013398322748731147,6.647373623769326e-14,4.9613475868827295e-11,relative,True,inelastic,False
m3_j2,16,DSIGMA_DP,1,nu,2,2,1398.950170992773,1398.950202491278,3.1498504995397525e-05,2.2515815744766588e-08,relative,True,inelastic,False
m3_j2,16,DSIGMA_DP,1,SIGY0,3,3,0.6612090680100756,0.6612090680118854,1.8097745524414677e-12,2.737068561208747e-12,within_reference_resolution,True,inelastic,False
m3_j2,16,DSIGMA_DP,1,H,4,4,2.290081784669655e-05,2.2900817953086516e-05,1.063899673654084e-13,4.645684166537354e-09,within_reference_resolution,True,inelastic,False
m3_j2,16,DSIGMA_DP,2,E,1,1,0.001330083862596679,0.0013300838625662252,3.045372114207634e-14,2.2896090990322832e-11,relative,True,inelastic,False
m3_j2,16,DSIGMA_DP,2,nu,2,2,1400.524914503613,1400.5249460026903,3.1499077294938616e-05,2.2490907702031114e-08,relative,True,inelastic,False
m3_j2,16,DSIGMA_DP,2,SIGY0,3,3,-0.3306045340050378,-0.3306045340059427,9.048872762207338e-13,2.737068561208747e-12,within_reference_resolution,True,inelastic,False
m3_j2,16,DSIGMA_DP,2,H,4,4,-1.145040892334827e-05,-1.1450408976543258e-05,5.3194988764901883e-14,4.64568461038156e-09,within_reference_resolution,True,inelastic,False
m3_j2,16,DSIGMA_DP,3,E,1,1,0.001330083862596679,0.0013300838625662252,3.045372114207634e-14,2.2896090990322832e-11,relative,True,inelastic,False
m3_j2,16,DSIGMA_DP,3,nu,2,2,1400.524914503613,1400.5249460026903,3.1499077294938616e-05,2.2490907702031114e-08,relative,True,inelastic,False
m3_j2,16,DSIGMA_DP,3,SIGY0,3,3,-0.3306045340050378,-0.3306045340059427,9.048872762207338e-13,2.737068561208747e-12,within_reference_resolution,True,inelastic,False
m3_j2,16,DSIGMA_DP,3,H,4,4,-1.145040892334827e-05,-1.1450408976543258e-05,5.3194988764901883e-14,4.64568461038156e-09,within_reference_resolution,True,inelastic,False
m3_j2,16,DSIGMA_DP,4,E,1,1,0.0,0.0,0.0,,within_reference_resolution,True,inelastic,False
m3_j2,16,DSIGMA_DP,4,nu,2,2,0.0,0.0,0.0,,within_reference_resolution,True,inelastic,False
m3_j2,16,DSIGMA_DP,4,SIGY0,3,3,0.0,0.0,0.0,,within_reference_resolution,True,inelastic,False
m3_j2,16,DSIGMA_DP,4,H,4,4,0.0,0.0,0.0,,within_reference_resolution,True,inelastic,False
m3_j2,16,DSIGMA_DP,5,E,1,1,0.0,0.0,0.0,,within_reference_resolution,True,inelastic,False
m3_j2,16,DSIGMA_DP,5,nu,2,2,0.0,0.0,0.0,,within_reference_resolution,True,inelastic,False
m3_j2,16,DSIGMA_DP,5,SIGY0,3,3,0.0,0.0,0.0,,within_reference_resolution,True,inelastic,False
m3_j2,16,DSIGMA_DP,5,H,4,4,0.0,0.0,0.0,,within_reference_resolution,True,inelastic,False
m3_j2,16,DSIGMA_DP,6,E,1,1,0.0,0.0,0.0,,within_reference_resolution,True,inelastic,False
m3_j2,16,DSIGMA_DP,6,nu,2,2,0.0,0.0,0.0,,within_reference_resolution,True,inelastic,False
m3_j2,16,DSIGMA_DP,6,SIGY0,3,3,0.0,0.0,0.0,,within_reference_resolution,True,inelastic,False
m3_j2,16,DSIGMA_DP,6,H,4,4,0.0,0.0,0.0,,within_reference_resolution,True,inelastic,False
m3_j2,17,DSIGMA_DP,1,E,1,1,0.001423169044914947,0.00142316904498059,6.564302053313487e-14,4.6124542101764266e-11,relative,True,inelastic,False
m3_j2,17,DSIGMA_DP,1,nu,2,2,1486.449615821431,1486.4496492890567,3.346762559885974e-05,2.2515142450244938e-08,relative,True,inelastic,False
m3_j2,17,DSIGMA_DP,1,SIGY0,3,3,0.6612090680100757,0.6612090680096117,4.640732242933154e-13,7.018555049317162e-13,within_reference_resolution,True,inelastic,False
m3_j2,17,DSIGMA_DP,1,H,4,4,6.662056100857184e-05,6.662056108552861e-05,7.69567650707112e-14,1.1551503592398868e-09,within_reference_resolution,True,inelastic,False
m3_j2,17,DSIGMA_DP,2,E,1,1,0.001413415477542526,0.0014134154775129154,2.961064553275161e-14,2.0949710827318316e-11,relative,True,inelastic,False
m3_j2,17,DSIGMA_DP,2,nu,2,2,1488.025192089284,1488.0252255575026,3.3468218589405296e-05,2.249170109120033e-08,relative,True,inelastic,False
m3_j2,17,DSIGMA_DP,2,SIGY0,3,3,-0.3306045340050379,-0.33060453400480583,2.32092123297889e-13,7.020234129472501e-13,within_reference_resolution,True,inelastic,False
m3_j2,17,DSIGMA_DP,2,H,4,4,-3.331028050428592e-05,-3.3310280542764303e-05,3.84783825353556e-14,1.1551503592398868e-09,within_reference_resolution,True,inelastic,False
m3_j2,17,DSIGMA_DP,3,E,1,1,0.001413415477542526,0.0014134154775129154,2.961064553275161e-14,2.0949710827318316e-11,relative,True,inelastic,False
m3_j2,17,DSIGMA_DP,3,nu,2,2,1488.025192089284,1488.0252255575026,3.3468218589405296e-05,2.249170109120033e-08,relative,True,inelastic,False
m3_j2,17,DSIGMA_DP,3,SIGY0,3,3,-0.3306045340050379,-0.33060453400480583,2.32092123297889e-13,7.020234129472501e-13,within_reference_resolution,True,inelastic,False
m3_j2,17,DSIGMA_DP,3,H,4,4,-3.331028050428592e-05,-3.3310280542764303e-05,3.84783825353556e-14,1.1551503592398868e-09,within_reference_resolution,True,inelastic,False
m3_j2,17,DSIGMA_DP,4,E,1,1,0.0,0.0,0.0,,within_reference_resolution,True,inelastic,False
m3_j2,17,DSIGMA_DP,4,nu,2,2,0.0,0.0,0.0,,within_reference_resolution,True,inelastic,False
m3_j2,17,DSIGMA_DP,4,SIGY0,3,3,0.0,0.0,0.0,,within_reference_resolution,True,inelastic,False
m3_j2,17,DSIGMA_DP,4,H,4,4,0.0,0.0,0.0,,within_reference_resolution,True,inelastic,False
m3_j2,17,DSIGMA_DP,5,E,1,1,0.0,0.0,0.0,,within_reference_resolution,True,inelastic,False
m3_j2,17,DSIGMA_DP,5,nu,2,2,0.0,0.0,0.0,,within_reference_resolution,True,inelastic,False
m3_j2,17,DSIGMA_DP,5,SIGY0,3,3,0.0,0.0,0.0,,within_reference_resolution,True,inelastic,False
m3_j2,17,DSIGMA_DP,5,H,4,4,0.0,0.0,0.0,,within_reference_resolution,True,inelastic,False
m3_j2,17,DSIGMA_DP,6,E,1,1,0.0,0.0,0.0,,within_reference_resolution,True,inelastic,False
m3_j2,17,DSIGMA_DP,6,nu,2,2,0.0,0.0,0.0,,within_reference_resolution,True,inelastic,False
m3_j2,17,DSIGMA_DP,6,SIGY0,3,3,0.0,0.0,0.0,,within_reference_resolution,True,inelastic,False
m3_j2,17,DSIGMA_DP,6,H,4,4,0.0,0.0,0.0,,within_reference_resolution,True,inelastic,False
m3_j2,18,DSIGMA_DP,1,E,1,1,0.001506505815023253,0.0015065058150880652,6.481208798814198e-14,4.3021465525742617e-11,relative,True,inelastic,False
m3_j2,18,DSIGMA_DP,1,nu,2,2,1573.949060650089,1573.9490960868352,3.5436746202321956e-05,2.2514544015702337e-08,relative,True,inelastic,False
m3_j2,18,DSIGMA_DP,1,SIGY0,3,3,0.6612090680100754,0.6612090680118854,1.8099965970463927e-12,2.7374043772398138e-12,within_reference_resolution,True,inelastic,False
m3_j2,18,DSIGMA_DP,1,H,4,4,0.0001103403041704472,0.0001103403042179707,4.7523495013378214e-14,4.3069932922695576e-10,within_reference_resolution,True,inelastic,False
m3_j2,18,DSIGMA_DP,2,E,1,1,0.001496747092488373,0.0014967470924589286,2.9444328919492335e-14,1.9672213874903718e-11,relative,True,inelastic,False
m3_j2,18,DSIGMA_DP,2,nu,2,2,1575.525469674955,1575.525505111841,3.5436886037132354e-05,2.249210560042112e-08,relative,True,inelastic,False
m3_j2,18,DSIGMA_DP,2,SIGY0,3,3,-0.3306045340050377,-0.3306045340059427,9.049982985231964e-13,2.7374043772398138e-12,within_reference_resolution,True,inelastic,False
m3_j2,18,DSIGMA_DP,2,H,4,4,-5.517015208522359e-05,-5.517015210898535e-05,2.3761761059216263e-14,4.3069957487658035e-10,within_reference_resolution,True,inelastic,False
m3_j2,18,DSIGMA_DP,3,E,1,1,0.001496747092488373,0.0014967470924589286,2.9444328919492335e-14,1.9672213874903718e-11,relative,True,inelastic,False
m3_j2,18,DSIGMA_DP,3,nu,2,2,1575.525469674955,1575.525505111841,3.5436886037132354e-05,2.249210560042112e-08,relative,True,inelastic,False
m3_j2,18,DSIGMA_DP,3,SIGY0,3,3,-0.3306045340050377,-0.3306045340059427,9.049982985231964e-13,2.7374043772398138e-12,within_reference_resolution,True,inelastic,False
m3_j2,18,DSIGMA_DP,3,H,4,4,-5.517015208522359e-05,-5.517015210898535e-05,2.3761761059216263e-14,4.3069957487658035e-10,within_reference_resolution,True,inelastic,False
m3_j2,18,DSIGMA_DP,4,E,1,1,0.0,0.0,0.0,,within_reference_resolution,True,inelastic,False
m3_j2,18,DSIGMA_DP,4,nu,2,2,0.0,0.0,0.0,,within_reference_resolution,True,inelastic,False
m3_j2,18,DSIGMA_DP,4,SIGY0,3,3,0.0,0.0,0.0,,within_reference_resolution,True,inelastic,False
m3_j2,18,DSIGMA_DP,4,H,4,4,0.0,0.0,0.0,,within_reference_resolution,True,inelastic,False
m3_j2,18,DSIGMA_DP,5,E,1,1,0.0,0.0,0.0,,within_reference_resolution,True,inelastic,False
m3_j2,18,DSIGMA_DP,5,nu,2,2,0.0,0.0,0.0,,within_reference_resolution,True,inelastic,False
m3_j2,18,DSIGMA_DP,5,SIGY0,3,3,0.0,0.0,0.0,,within_reference_resolution,True,inelastic,False
m3_j2,18,DSIGMA_DP,5,H,4,4,0.0,0.0,0.0,,within_reference_resolution,True,inelastic,False
m3_j2,18,DSIGMA_DP,6,E,1,1,0.0,0.0,0.0,,within_reference_resolution,True,inelastic,False
m3_j2,18,DSIGMA_DP,6,nu,2,2,0.0,0.0,0.0,,within_reference_resolution,True,inelastic,False
m3_j2,18,DSIGMA_DP,6,SIGY0,3,3,0.0,0.0,0.0,,within_reference_resolution,True,inelastic,False
m3_j2,18,DSIGMA_DP,6,H,4,4,0.0,0.0,0.0,,within_reference_resolution,True,inelastic,False
m3_j2,19,DSIGMA_DP,1,E,1,1,0.001589842585131559,0.001589842585198247,6.66879745869764e-14,4.194627518966645e-11,relative,True,inelastic,False
m3_j2,19,DSIGMA_DP,1,nu,2,2,1661.448505478747,1661.4485428846137,3.740586680578417e-05,2.2514008613736514e-08,relative,True,inelastic,False
m3_j2,19,DSIGMA_DP,1,SIGY0,3,3,0.6612090680100753,0.6612090680096117,4.636291350834654e-13,7.011838728695805e-13,within_reference_resolution,True,inelastic,False
m3_j2,19,DSIGMA_DP,1,H,4,4,0.0001540600473323225,0.0001540600473504128,1.809029271868101e-14,1.1742364766079984e-10,within_reference_resolution,True,inelastic,False
m3_j2,19,DSIGMA_DP,2,E,1,1,0.001580078707434219,0.0015800787074042653,2.9953687100126025e-14,1.89570854665421e-11,relative,True,inelastic,False
m3_j2,19,DSIGMA_DP,2,nu,2,2,1663.025747260625,1663.0257846661796,3.740555462172779e-05,2.2492468226664466e-08,relative,True,inelastic,False
m3_j2,19,DSIGMA_DP,2,SIGY0,3,3,-0.3306045340050376,-0.33060453400480583,2.3175905639050143e-13,7.010159648540466e-13,within_reference_resolution,True,inelastic,False
m3_j2,19,DSIGMA_DP,2,H,4,4,-7.703002366616127e-05,-7.70300236752064e-05,9.045119254286194e-15,1.1742329578431042e-10,within_reference_resolution,True,inelastic,False
m3_j2,19,DSIGMA_DP,3,E,1,1,0.001580078707434219,0.0015800787074042653,2.9953687100126025e-14,1.89570854665421e-11,relative,True,inelastic,False
m3_j2,19,DSIGMA_DP,3,nu,2,2,1663.025747260625,1663.0257846661796,3.740555462172779e-05,2.2492468226664466e-08,relative,True,inelastic,False
m3_j2,19,DSIGMA_DP,3,SIGY0,3,3,-0.3306045340050376,-0.33060453400480583,2.3175905639050143e-13,7.010159648540466e-13,within_reference_resolution,True,inelastic,False
m3_j2,19,DSIGMA_DP,3,H,4,4,-7.703002366616127e-05,-7.70300236752064e-05,9.045119254286194e-15,1.1742329578431042e-10,within_reference_resolution,True,inelastic,False
m3_j2,19,DSIGMA_DP,4,E,1,1,0.0,0.0,0.0,,within_reference_resolution,True,inelastic,False
m3_j2,19,DSIGMA_DP,4,nu,2,2,0.0,0.0,0.0,,within_reference_resolution,True,inelastic,False
m3_j2,19,DSIGMA_DP,4,SIGY0,3,3,0.0,0.0,0.0,,within_reference_resolution,True,inelastic,False
m3_j2,19,DSIGMA_DP,4,H,4,4,0.0,0.0,0.0,,within_reference_resolution,True,inelastic,False
m3_j2,19,DSIGMA_DP,5,E,1,1,0.0,0.0,0.0,,within_reference_resolution,True,inelastic,False
m3_j2,19,DSIGMA_DP,5,nu,2,2,0.0,0.0,0.0,,within_reference_resolution,True,inelastic,False
m3_j2,19,DSIGMA_DP,5,SIGY0,3,3,0.0,0.0,0.0,,within_reference_resolution,True,inelastic,False
m3_j2,19,DSIGMA_DP,5,H,4,4,0.0,0.0,0.0,,within_reference_resolution,True,inelastic,False
m3_j2,19,DSIGMA_DP,6,E,1,1,0.0,0.0,0.0,,within_reference_resolution,True,inelastic,False
m3_j2,19,DSIGMA_DP,6,nu,2,2,0.0,0.0,0.0,,within_reference_resolution,True,inelastic,False
m3_j2,19,DSIGMA_DP,6,SIGY0,3,3,0.0,0.0,0.0,,within_reference_resolution,True,inelastic,False
m3_j2,19,DSIGMA_DP,6,H,4,4,0.0,0.0,0.0,,within_reference_resolution,True,inelastic,False
m3_j2,20,DSIGMA_DP,1,E,1,1,0.001673179355239865,0.0016731793553070755,6.721056003411441e-14,4.016936966197469e-11,relative,True,inelastic,False
m3_j2,20,DSIGMA_DP,1,nu,2,2,1748.947950307406,1748.9479896804974,3.9373091340166866e-05,2.251244266409526e-08,relative,True,inelastic,False
m3_j2,20,DSIGMA_DP,1,SIGY0,3,3,0.6612090680100754,0.6612090680096117,4.637401573859279e-13,7.013517808851144e-13,within_reference_resolution,True,inelastic,False
m3_j2,20,DSIGMA_DP,1,H,4,4,0.0001977797904941974,0.00019777979048285488,1.1342516552728665e-14,5.7349219174705944e-11,within_reference_resolution,True,inelastic,False
m3_j2,20,DSIGMA_DP,2,E,1,1,0.001663410322380066,0.0016634103223509555,2.91103946503668e-14,1.7500429244195184e-11,relative,True,inelastic,False
m3_j2,20,DSIGMA_DP,2,nu,2,2,1750.526024846296,1750.526064220518,3.9374222069454845e-05,2.2492793951621378e-08,relative,True,inelastic,False
m3_j2,20,DSIGMA_DP,2,SIGY0,3,3,-0.3306045340050377,-0.33060453400480583,2.3187007869296394e-13,7.013517808851144e-13,within_reference_resolution,True,inelastic,False
m3_j2,20,DSIGMA_DP,2,H,4,4,-9.888989524709871e-05,-9.888989524142744e-05,5.671271828891489e-15,5.73493562213387e-11,within_reference_resolution,True,inelastic,False
m3_j2,20,DSIGMA_DP,3,E,1,1,0.001663410322380066,0.0016634103223509555,2.91103946503668e-14,1.7500429244195184e-11,relative,True,inelastic,False
m3_j2,20,DSIGMA_DP,3,nu,2,2,1750.526024846296,1750.526064220518,3.9374222069454845e-05,2.2492793951621378e-08,relative,True,inelastic,False
m3_j2,20,DSIGMA_DP,3,SIGY0,3,3,-0.3306045340050377,-0.33060453400480583,2.3187007869296394e-13,7.013517808851144e-13,within_reference_resolution,True,inelastic,False
m3_j2,20,DSIGMA_DP,3,H,4,4,-9.888989524709871e-05,-9.888989524142744e-05,5.671271828891489e-15,5.73493562213387e-11,within_reference_resolution,True,inelastic,False
m3_j2,20,DSIGMA_DP,4,E,1,1,0.0,0.0,0.0,,within_reference_resolution,True,inelastic,False
m3_j2,20,DSIGMA_DP,4,nu,2,2,0.0,0.0,0.0,,within_reference_resolution,True,inelastic,False
m3_j2,20,DSIGMA_DP,4,SIGY0,3,3,0.0,0.0,0.0,,within_reference_resolution,True,inelastic,False
m3_j2,20,DSIGMA_DP,4,H,4,4,0.0,0.0,0.0,,within_reference_resolution,True,inelastic,False
m3_j2,20,DSIGMA_DP,5,E,1,1,0.0,0.0,0.0,,within_reference_resolution,True,inelastic,False
m3_j2,20,DSIGMA_DP,5,nu,2,2,0.0,0.0,0.0,,within_reference_resolution,True,inelastic,False
m3_j2,20,DSIGMA_DP,5,SIGY0,3,3,0.0,0.0,0.0,,within_reference_resolution,True,inelastic,False
m3_j2,20,DSIGMA_DP,5,H,4,4,0.0,0.0,0.0,,within_reference_resolution,True,inelastic,False
m3_j2,20,DSIGMA_DP,6,E,1,1,0.0,0.0,0.0,,within_reference_resolution,True,inelastic,False
m3_j2,20,DSIGMA_DP,6,nu,2,2,0.0,0.0,0.0,,within_reference_resolution,True,inelastic,False
m3_j2,20,DSIGMA_DP,6,SIGY0,3,3,0.0,0.0,0.0,,within_reference_resolution,True,inelastic,False
m3_j2,20,DSIGMA_DP,6,H,4,4,0.0,0.0,0.0,,within_reference_resolution,True,inelastic,False
m3_j2,1,DSTATEV_DP,1,E,1,1,0.0,0.0,0.0,,within_reference_resolution,True,elastic,False
m3_j2,1,DSTATEV_DP,1,nu,2,2,0.0,0.0,0.0,,within_reference_resolution,True,elastic,False
m3_j2,1,DSTATEV_DP,1,SIGY0,3,3,0.0,0.0,0.0,,within_reference_resolution,True,elastic,False
m3_j2,1,DSTATEV_DP,1,H,4,4,0.0,0.0,0.0,,within_reference_resolution,True,elastic,False
m3_j2,2,DSTATEV_DP,1,E,1,1,0.0,0.0,0.0,,within_reference_resolution,True,elastic,False
m3_j2,2,DSTATEV_DP,1,nu,2,2,0.0,0.0,0.0,,within_reference_resolution,True,elastic,False
m3_j2,2,DSTATEV_DP,1,SIGY0,3,3,0.0,0.0,0.0,,within_reference_resolution,True,elastic,False
m3_j2,2,DSTATEV_DP,1,H,4,4,0.0,0.0,0.0,,within_reference_resolution,True,elastic,False
m3_j2,3,DSTATEV_DP,1,E,1,1,0.0,0.0,0.0,,within_reference_resolution,True,elastic,False
m3_j2,3,DSTATEV_DP,1,nu,2,2,0.0,0.0,0.0,,within_reference_resolution,True,elastic,False
m3_j2,3,DSTATEV_DP,1,SIGY0,3,3,0.0,0.0,0.0,,within_reference_resolution,True,elastic,False
m3_j2,3,DSTATEV_DP,1,H,4,4,0.0,0.0,0.0,,within_reference_resolution,True,elastic,False
m3_j2,4,DSTATEV_DP,1,E,1,1,0.0,0.0,0.0,,within_reference_resolution,True,elastic,False
m3_j2,4,DSTATEV_DP,1,nu,2,2,0.0,0.0,0.0,,within_reference_resolution,True,elastic,False
m3_j2,4,DSTATEV_DP,1,SIGY0,3,3,0.0,0.0,0.0,,within_reference_resolution,True,elastic,False
m3_j2,4,DSTATEV_DP,1,H,4,4,0.0,0.0,0.0,,within_reference_resolution,True,elastic,False
m3_j2,5,DSTATEV_DP,1,E,1,1,0.0,0.0,0.0,,within_reference_resolution,True,elastic,False
m3_j2,5,DSTATEV_DP,1,nu,2,2,0.0,0.0,0.0,,within_reference_resolution,True,elastic,False
m3_j2,5,DSTATEV_DP,1,SIGY0,3,3,0.0,0.0,0.0,,within_reference_resolution,True,elastic,False
m3_j2,5,DSTATEV_DP,1,H,4,4,0.0,0.0,0.0,,within_reference_resolution,True,elastic,False
m3_j2,6,DSTATEV_DP,1,E,1,1,0.0,0.0,0.0,,within_reference_resolution,True,elastic,False
m3_j2,6,DSTATEV_DP,1,nu,2,2,0.0,0.0,0.0,,within_reference_resolution,True,elastic,False
m3_j2,6,DSTATEV_DP,1,SIGY0,3,3,0.0,0.0,0.0,,within_reference_resolution,True,elastic,False
m3_j2,6,DSTATEV_DP,1,H,4,4,0.0,0.0,0.0,,within_reference_resolution,True,elastic,False
m3_j2,7,DSTATEV_DP,1,E,1,1,0.0,0.0,0.0,,within_reference_resolution,True,elastic,False
m3_j2,7,DSTATEV_DP,1,nu,2,2,0.0,0.0,0.0,,within_reference_resolution,True,elastic,False
m3_j2,7,DSTATEV_DP,1,SIGY0,3,3,0.0,0.0,0.0,,within_reference_resolution,True,elastic,False
m3_j2,7,DSTATEV_DP,1,H,4,4,0.0,0.0,0.0,,within_reference_resolution,True,elastic,False
m3_j2,8,DSTATEV_DP,1,E,1,1,0.0,0.0,0.0,,within_reference_resolution,True,elastic,False
m3_j2,8,DSTATEV_DP,1,nu,2,2,0.0,0.0,0.0,,within_reference_resolution,True,elastic,False
m3_j2,8,DSTATEV_DP,1,SIGY0,3,3,0.0,0.0,0.0,,within_reference_resolution,True,elastic,False
m3_j2,8,DSTATEV_DP,1,H,4,4,0.0,0.0,0.0,,within_reference_resolution,True,elastic,False
m3_j2,9,DSTATEV_DP,1,E,1,1,0.0,0.0,0.0,,within_reference_resolution,True,elastic,False
m3_j2,9,DSTATEV_DP,1,nu,2,2,0.0,0.0,0.0,,within_reference_resolution,True,elastic,False
m3_j2,9,DSTATEV_DP,1,SIGY0,3,3,0.0,0.0,0.0,,within_reference_resolution,True,elastic,False
m3_j2,9,DSTATEV_DP,1,H,4,4,0.0,0.0,0.0,,within_reference_resolution,True,elastic,False
m3_j2,10,DSTATEV_DP,1,E,1,1,0.0,0.0,0.0,,within_reference_resolution,True,elastic,False
m3_j2,10,DSTATEV_DP,1,nu,2,2,0.0,0.0,0.0,,within_reference_resolution,True,elastic,False
m3_j2,10,DSTATEV_DP,1,SIGY0,3,3,0.0,0.0,0.0,,within_reference_resolution,True,elastic,False
m3_j2,10,DSTATEV_DP,1,H,4,4,0.0,0.0,0.0,,within_reference_resolution,True,elastic,False
m3_j2,11,DSTATEV_DP,1,E,1,1,0.0,0.0,0.0,,within_reference_resolution,True,elastic,False
m3_j2,11,DSTATEV_DP,1,nu,2,2,0.0,0.0,0.0,,within_reference_resolution,True,elastic,False
m3_j2,11,DSTATEV_DP,1,SIGY0,3,3,0.0,0.0,0.0,,within_reference_resolution,True,elastic,False
m3_j2,11,DSTATEV_DP,1,H,4,4,0.0,0.0,0.0,,within_reference_resolution,True,elastic,False
m3_j2,12,DSTATEV_DP,1,E,1,1,0.0,0.0,0.0,,within_reference_resolution,True,elastic,False
m3_j2,12,DSTATEV_DP,1,nu,2,2,0.0,0.0,0.0,,within_reference_resolution,True,elastic,False
m3_j2,12,DSTATEV_DP,1,SIGY0,3,3,0.0,0.0,0.0,,within_reference_resolution,True,elastic,False
m3_j2,12,DSTATEV_DP,1,H,4,4,0.0,0.0,0.0,,within_reference_resolution,True,elastic,False
m3_j2,13,DSTATEV_DP,1,E,1,1,0.0,0.0,0.0,,within_reference_resolution,True,elastic,False
m3_j2,13,DSTATEV_DP,1,nu,2,2,0.0,0.0,0.0,,within_reference_resolution,True,elastic,False
m3_j2,13,DSTATEV_DP,1,SIGY0,3,3,0.0,0.0,0.0,,within_reference_resolution,True,elastic,False
m3_j2,13,DSTATEV_DP,1,H,4,4,0.0,0.0,0.0,,within_reference_resolution,True,elastic,False
m3_j2,14,DSTATEV_DP,1,E,1,1,0.0,0.0,0.0,,within_reference_resolution,True,elastic,False
m3_j2,14,DSTATEV_DP,1,nu,2,2,0.0,0.0,0.0,,within_reference_resolution,True,elastic,False
m3_j2,14,DSTATEV_DP,1,SIGY0,3,3,0.0,0.0,0.0,,within_reference_resolution,True,elastic,False
m3_j2,14,DSTATEV_DP,1,H,4,4,0.0,0.0,0.0,,within_reference_resolution,True,elastic,False
m3_j2,15,DSTATEV_DP,1,E,1,1,0.0,0.0,0.0,,within_reference_resolution,True,elastic,False
m3_j2,15,DSTATEV_DP,1,nu,2,2,0.0,0.0,0.0,,within_reference_resolution,True,elastic,False
m3_j2,15,DSTATEV_DP,1,SIGY0,3,3,0.0,0.0,0.0,,within_reference_resolution,True,elastic,False
m3_j2,15,DSTATEV_DP,1,H,4,4,0.0,0.0,0.0,,within_reference_resolution,True,elastic,False
m3_j2,16,DSTATEV_DP,1,E,1,1,4.874206104981312e-09,4.874206152916022e-09,4.793470952458658e-17,9.834362359891028e-09,within_reference_resolution,True,inelastic,False
m3_j2,16,DSTATEV_DP,1,nu,2,2,-0.0007873717554200568,-0.0007873717554207812,7.243554714375655e-16,9.19966288415389e-13,within_reference_resolution,True,inelastic,False
m3_j2,16,DSTATEV_DP,1,SIGY0,3,3,-4.093198992443325e-06,-4.093198992444257e-06,9.317362419797304e-19,2.276303311174577e-13,within_reference_resolution,True,inelastic,False
m3_j2,16,DSTATEV_DP,1,H,4,4,-1.417669676224072e-10,-1.4176696763127522e-10,8.868022401422014e-21,6.255351687063693e-11,within_reference_resolution,True,inelastic,False
m3_j2,17,DSTATEV_DP,1,E,1,1,4.876783686210811e-09,4.876783734175266e-09,4.7964454939413985e-17,9.835263885763732e-09,within_reference_resolution,True,inelastic,False
m3_j2,17,DSTATEV_DP,1,nu,2,2,-0.00078778813392636,-0.0007877881339279978,1.637795801756603e-15,2.0789800343784996e-12,within_reference_resolution,True,inelastic,False
m3_j2,17,DSTATEV_DP,1,SIGY0,3,3,-4.093198992443326e-06,-4.09319899243477e-06,8.555879800215688e-18,2.090267249657063e-12,within_reference_resolution,True,inelastic,False
m3_j2,17,DSTATEV_DP,1,H,4,4,-4.124129967197304e-10,-4.1241299617570575e-10,5.44024643058456e-19,1.3191258473985578e-09,within_reference_resolution,True,inelastic,False
m3_j2,18,DSTATEV_DP,1,E,1,1,4.879361267440309e-09,4.879361315427894e-09,4.7987585390882805e-17,9.834808756455977e-09,within_reference_resolution,True,inelastic,False
m3_j2,18,DSTATEV_DP,1,nu,2,2,-0.0007882045124326632,-0.0007882045124369084,4.245193606366993e-15,5.385903708216588e-12,within_reference_resolution,True,inelastic,False
m3_j2,18,DSTATEV_DP,1,SIGY0,3,3,-4.093198992443325e-06,-4.093198992441817e-06,1.5077186461126546e-18,3.6834726308119654e-13,within_reference_resolution,True,inelastic,False
m3_j2,18,DSTATEV_DP,1,H,4,4,-6.830590258170541e-10,-6.830590241102726e-10,1.706781521679919e-18,2.4987321174815155e-09,within_reference_resolution,True,inelastic,False
m3_j2,19,DSTATEV_DP,1,E,1,1,4.881938848669807e-09,4.881938896675682e-09,4.800587435422635e-17,9.833362393559571e-09,within_reference_resolution,True,inelastic,False
m3_j2,19,DSTATEV_DP,1,nu,2,2,-0.0007886208909389665,-0.000788620890944012,5.045551650095792e-15,6.397943179080708e-12,within_reference_resolution,True,inelastic,False
m3_j2,19,DSTATEV_DP,1,SIGY0,3,3,-4.093198992443326e-06,-4.093198992429891e-06,1.3434789576400458e-17,3.282222438060607e-12,within_reference_resolution,True,inelastic,False
m3_j2,19,DSTATEV_DP,1,H,4,4,-9.53705054914378e-10,-9.53705052959635e-10,1.9547429723631024e-18,2.0496305081921758e-09,within_reference_resolution,True,inelastic,False
m3_j2,20,DSTATEV_DP,1,E,1,1,4.884516429899309e-09,4.8845164779363776e-09,4.803706816230634e-17,9.834559547355884e-09,within_reference_resolution,True,inelastic,False
m3_j2,20,DSTATEV_DP,1,nu,2,2,-0.0007890372694452704,-0.0007890372694529226,7.652190513185442e-15,9.698135702120982e-12,within_reference_resolution,True,inelastic,False
m3_j2,20,DSTATEV_DP,1,SIGY0,3,3,-4.093198992443328e-06,-4.093198992434228e-06,9.100521985300203e-18,2.2233275250290525e-12,within_reference_resolution,True,inelastic,False
m3_j2,20,DSTATEV_DP,1,H,4,4,-1.224351084011699e-09,-1.2243510820800479e-09,1.931651191587919e-18,1.577693865640434e-09,within_reference_resolution,True,inelastic,False
